-- Generation time: Thu, 27 Aug 2020 17:47:05 +0000
-- Host: mysql.hostinger.ro
-- DB name: u574849695_24
/*!40030 SET NAMES UTF8 */;
/*!40101 SET @OLD_CHARACTER_SET_CLIENT=@@CHARACTER_SET_CLIENT */;
/*!40101 SET @OLD_CHARACTER_SET_RESULTS=@@CHARACTER_SET_RESULTS */;
/*!40101 SET @OLD_COLLATION_CONNECTION=@@COLLATION_CONNECTION */;
/*!40103 SET @OLD_TIME_ZONE=@@TIME_ZONE */;
/*!40103 SET TIME_ZONE='+00:00' */;
/*!40014 SET @OLD_UNIQUE_CHECKS=@@UNIQUE_CHECKS, UNIQUE_CHECKS=0 */;
/*!40014 SET @OLD_FOREIGN_KEY_CHECKS=@@FOREIGN_KEY_CHECKS, FOREIGN_KEY_CHECKS=0 */;
/*!40101 SET @OLD_SQL_MODE=@@SQL_MODE, SQL_MODE='NO_AUTO_VALUE_ON_ZERO' */;
/*!40111 SET @OLD_SQL_NOTES=@@SQL_NOTES, SQL_NOTES=0 */;

create database if not exists snet2008_shamarin;

use snet2008_shamarin;

DROP TABLE IF EXISTS `comments`;
CREATE TABLE `comments` (
  `id` bigint(20) unsigned NOT NULL AUTO_INCREMENT,
  `user_id` bigint(20) unsigned NOT NULL,
  `post_id` bigint(20) unsigned NOT NULL,
  `body` text COLLATE utf8_unicode_ci DEFAULT NULL,
  `created_at` datetime DEFAULT current_timestamp(),
  PRIMARY KEY (`id`),
  KEY `user_id` (`user_id`),
  KEY `post_id` (`post_id`),
  CONSTRAINT `comments_ibfk_1` FOREIGN KEY (`user_id`) REFERENCES `users` (`id`),
  CONSTRAINT `comments_ibfk_2` FOREIGN KEY (`post_id`) REFERENCES `posts` (`id`)
) ENGINE=InnoDB AUTO_INCREMENT=101 DEFAULT CHARSET=utf8 COLLATE=utf8_unicode_ci;

INSERT INTO `comments` VALUES ('1','1','1','Sed libero facilis ducimus deserunt. Possimus qui rerum aut eum doloribus. Quidem possimus non distinctio et.','2008-07-04 08:46:24'),
('2','2','2','Enim sequi est officiis totam nemo nesciunt. Quisquam ut inventore exercitationem repudiandae. Aperiam eos a quo. Facere dolor sint in iste sequi rem.','1982-05-01 03:56:57'),
('3','3','3','Aut quibusdam dolor soluta qui tempore quibusdam. Aut doloribus aliquam nihil qui. Nisi necessitatibus quod ipsa veniam fugit. Officiis dignissimos fuga omnis consequatur aut et molestias.','2009-08-10 12:09:10'),
('4','4','4','Ea libero blanditiis repudiandae ab dolorem aliquid. Porro nemo nemo ipsam voluptatem laudantium. Doloremque et dolorum omnis numquam.','1975-11-25 06:41:55'),
('5','5','5','Fugiat eos et adipisci quam saepe saepe. Aspernatur cum culpa vel porro voluptatum atque. Quae odio velit deserunt sit quas.','1981-05-16 22:32:35'),
('6','6','6','Amet dignissimos molestias ad. Aperiam voluptatem debitis placeat quasi repellat fugit. Incidunt aspernatur deserunt et ipsum.','1999-11-04 15:34:18'),
('7','7','7','Maxime omnis dolores non ullam dolor id. Dolores et voluptatem asperiores pariatur qui. Illo repellendus ut aut unde.','1997-06-08 22:16:21'),
('8','8','8','Nisi dolores incidunt aperiam magni error sed. Nihil omnis voluptas voluptas nulla consectetur dolor maiores. In voluptas sint est porro exercitationem dolorem.','1973-08-07 09:00:39'),
('9','9','9','Consequatur mollitia aut eum autem sed. Et ducimus repellat et et et error est non. Tempora ea est nam et.','2015-05-13 18:43:49'),
('10','10','10','Ipsam magnam cumque minima quia repellendus. Amet molestias fugit suscipit in quae. Architecto et et iste unde reiciendis dicta nemo.','2005-01-31 05:49:12'),
('11','11','11','Excepturi rerum consequatur distinctio rerum eveniet neque voluptate. Quisquam error natus similique facere corporis sed nam dolorem. Occaecati ex quam laudantium. Ut ab vel eius dolorem.','1989-06-27 17:49:05'),
('12','12','12','Molestiae fugit non sequi cum recusandae. Quia inventore eaque et molestias at provident aliquid. Suscipit reiciendis doloribus veniam quis consectetur a sed. Ut aut ipsum commodi doloremque corporis eius eveniet. Nam explicabo quia aliquam optio molestiae tenetur quia.','2014-11-14 06:06:53'),
('13','13','13','Consequatur mollitia repudiandae qui labore optio. Provident consequatur nihil voluptas aut ut. Soluta ut provident dolores vel quasi.','1987-05-28 03:27:40'),
('14','14','14','Qui non eaque eius sint. Alias pariatur praesentium ipsa consequuntur architecto quis ut. Sint id ducimus omnis eius magnam explicabo animi. Dolore fuga nihil deserunt enim ratione.','2009-04-23 03:49:34'),
('15','15','15','Consequatur aut non quaerat. Suscipit sapiente sed molestias harum aut. Aut in qui vero distinctio repudiandae. Sunt quidem perspiciatis odio aut laboriosam.','1990-01-22 11:32:06'),
('16','16','16','Alias ut minima sed placeat. Explicabo et recusandae veritatis officia dolor perferendis. Ducimus quisquam dicta eos voluptas tempora amet modi.','1981-09-29 03:33:45'),
('17','17','17','Autem excepturi suscipit autem. Suscipit nostrum pariatur aliquid unde molestias. Consectetur quos blanditiis molestias eum voluptate mollitia eius. Consequatur est et itaque aut. Rerum rerum quo dolor veniam.','1979-01-14 09:40:19'),
('18','18','18','Natus reprehenderit impedit qui est optio laudantium necessitatibus. Maiores odit magnam laborum at. Voluptatum quod omnis omnis maiores culpa. Officia ut qui aliquam.','1994-01-28 18:21:49'),
('19','19','19','Est perferendis quis qui assumenda eum soluta. Praesentium ea eos sit eius voluptate. Harum culpa veniam est consequatur repudiandae. Fugiat aut rerum nulla in reiciendis repudiandae.','2005-08-16 19:22:11'),
('20','20','20','Necessitatibus ut quisquam accusamus mollitia ipsa rerum amet. Occaecati delectus quo quo voluptatibus sunt pariatur adipisci. Recusandae repudiandae nobis occaecati id. Cupiditate rerum ipsa dolorem corporis sint.','1976-06-25 14:16:28'),
('21','21','21','Omnis labore eaque minus vero sed laudantium id. Repellat dolorem sed aspernatur aliquam.','2013-02-21 07:42:46'),
('22','22','22','Consequatur velit ut omnis quia voluptatem. Atque omnis et omnis esse qui corrupti fugit. Aut sunt non temporibus rerum ratione.','1986-02-01 13:18:26'),
('23','23','23','At rerum molestias et modi culpa itaque. Consequatur pariatur eum maxime temporibus dolorum occaecati esse nostrum. Veniam alias dolorem eveniet dolore earum repellendus est. Illum beatae et aspernatur similique sint sed.','2020-07-12 05:10:23'),
('24','24','24','Sed consequatur ipsam ex rerum expedita qui dolorem. Rerum deserunt possimus eum amet in aut itaque. Quo et qui doloribus aut aut aut ab sed. Voluptatibus enim sit voluptatem iste. Culpa esse iste est at hic.','1984-08-06 16:16:06'),
('25','25','25','Tempora necessitatibus dicta aperiam quas fugit non officia. Sint ex delectus non et et voluptatem et iste. Fuga voluptatem labore animi pariatur quis voluptate corporis.','1975-09-20 09:06:33'),
('26','26','26','Omnis in voluptas suscipit nemo nobis consequatur. Laboriosam qui in quisquam commodi architecto neque. Nostrum ex debitis minima culpa animi facere.','1971-05-14 08:10:12'),
('27','27','27','Atque corporis id sed architecto non. Reprehenderit illo et laudantium doloribus necessitatibus. Nemo quo consequatur et a nulla quia aliquam.','1992-03-24 08:47:00'),
('28','28','28','Similique consequatur ea ut. Repellat praesentium et ea aliquam omnis. Itaque dolor voluptatem voluptatum quod molestiae veniam sed.','2007-12-09 21:02:23'),
('29','29','29','Est sunt commodi praesentium. Nemo ab ut fugiat quam magni. Sapiente ut quam est eius molestias soluta repudiandae. Eos corrupti molestiae ad laborum impedit quas non.','1979-07-04 02:57:18'),
('30','30','30','Quia occaecati corrupti blanditiis sit repudiandae at debitis. Et quam enim asperiores incidunt molestiae inventore et. Veritatis voluptas et et ullam alias facilis.','1990-09-18 07:28:41'),
('31','31','31','Impedit architecto corrupti et nobis dolorum et autem. Cum omnis ullam ut commodi quia. Atque porro voluptatum dolor et.','1978-03-21 22:50:39'),
('32','32','32','Voluptate quibusdam dolores repellendus eaque aut incidunt. Perspiciatis dolorem et sed dolorem est sed accusamus. Consequatur qui ratione et quia facere voluptatibus omnis.','2000-04-10 18:47:49'),
('33','33','33','Aliquid aut quia velit dolorem. Sint veniam dolorem vero explicabo quod. Totam cumque quidem et inventore vel molestias. Maxime harum ut ut.','2017-02-23 05:38:56'),
('34','34','34','Saepe deleniti cum soluta et quibusdam fugit praesentium ullam. Atque non aspernatur ullam saepe laboriosam excepturi vitae. Qui perferendis dolores fugit quam modi. Qui aut autem quas laboriosam nobis dignissimos aliquam.','2010-07-09 07:33:56'),
('35','35','35','Fuga aut repellat atque occaecati deserunt. Alias quae exercitationem et eligendi qui facilis. Corporis rem vel maiores possimus vero et dolorem nam. Corrupti veniam perspiciatis voluptas ex beatae.','1988-10-07 16:02:08'),
('36','36','36','Nobis rerum quas neque voluptatibus. Ut est tenetur velit saepe minima maxime sint. Commodi dolorem deleniti asperiores repellat ex voluptas voluptas.','2000-01-08 13:00:13'),
('37','37','37','Rem mollitia dolore dicta alias tempora. Et quidem facilis eius est. Reiciendis numquam rerum voluptatem ullam nostrum nesciunt.','1992-03-15 02:26:55'),
('38','38','38','Corrupti est rerum asperiores eveniet voluptatem reiciendis voluptas dolores. Amet cum voluptatibus architecto et tempora enim ex.','1979-12-11 19:28:02'),
('39','39','39','Eaque molestias quasi maxime exercitationem animi ea est architecto. Quas necessitatibus voluptatem dolor fugit repellendus sed ut. Quas quidem et vero dolor.','1979-07-23 09:00:40'),
('40','40','40','Nostrum quibusdam et quia. Nostrum quae excepturi omnis. Porro sunt odit reprehenderit nulla necessitatibus.','2004-02-21 00:42:32'),
('41','41','41','Perspiciatis et dicta quia aspernatur alias tenetur exercitationem. Aut aliquid quod qui fugiat. Eos ut sunt vero maiores earum nostrum est.','2008-01-15 18:57:26'),
('42','42','42','Aut quas aut rem esse eum similique. Et exercitationem possimus ipsam quidem. Blanditiis minus aliquid repellat non facere. Ullam dolor tempore nisi assumenda.','1995-06-17 02:30:35'),
('43','43','43','Quia est facere maxime soluta nostrum quis eaque. Optio alias maiores quis eum ut adipisci vel occaecati. Totam ducimus perferendis odio est facere.','2018-05-13 09:22:33'),
('44','44','44','Dignissimos nisi quisquam veritatis unde qui. Omnis quod et aliquam necessitatibus ipsum qui. Et praesentium facilis expedita modi est.','2004-11-12 23:20:01'),
('45','45','45','Quia dolorum architecto esse ut. Occaecati et ea sed vero voluptatem illum.','1981-06-10 05:56:34'),
('46','46','46','Et exercitationem eum corrupti porro necessitatibus voluptatem. Similique inventore reiciendis quo et. Exercitationem earum blanditiis perspiciatis. Soluta quam suscipit maxime ratione voluptas cumque.','1981-07-31 09:52:05'),
('47','47','47','Et voluptatem nostrum perferendis omnis doloremque magni. Corrupti et totam est repellendus consequatur. Culpa eum quaerat provident et recusandae. Consectetur perferendis saepe rerum quod aperiam dolor. Aut cupiditate eum labore et.','1974-09-03 03:56:25'),
('48','48','48','Vel commodi minima incidunt omnis. Provident omnis cupiditate consequuntur eligendi cum occaecati. Quos fuga exercitationem repudiandae ea quia.','2000-05-17 12:17:10'),
('49','49','49','Necessitatibus enim earum hic libero. Beatae rerum quia sit corrupti velit. Occaecati quibusdam nostrum eligendi.','2018-01-20 00:48:34'),
('50','50','50','Expedita quis voluptatem dolore. Laudantium in maxime fugiat. Libero deleniti qui consequuntur voluptatum dolor et. Assumenda reiciendis delectus reiciendis ut est.','1990-04-16 08:56:14'),
('51','51','51','Eum placeat inventore odit dolor neque. Cum voluptates nisi omnis. Alias labore et esse a ratione asperiores repellat.','2008-03-27 16:21:42'),
('52','52','52','Aut corrupti nihil nulla repudiandae. Est aut provident quod magnam consequatur alias iusto. Ea neque nulla deleniti accusamus. Totam ipsum molestias modi et omnis.','1995-12-25 18:33:18'),
('53','53','53','Dolores voluptates praesentium amet enim error explicabo. Porro qui dolores voluptates et. Est quo perspiciatis sed.','1979-06-15 04:54:42'),
('54','54','54','Autem eos sed repellat esse ea architecto qui. Ea aut quia voluptatem autem vel minus. Nisi earum id voluptatibus ab eveniet quisquam fugiat. Porro possimus sit quo aut qui dolorem distinctio.','1986-01-02 12:55:08'),
('55','55','55','Sed dolor mollitia sed vel. Voluptatum magnam blanditiis consequatur et et. Ullam doloremque asperiores error dolorem.','1984-12-26 02:28:12'),
('56','56','56','Quod dolores corporis magnam est. Sint perferendis non sapiente id quia. Ut quia omnis necessitatibus voluptatibus totam voluptatem. Molestiae modi sed exercitationem sed praesentium unde. Quia ipsum ratione ex officiis magnam.','2005-02-02 20:35:41'),
('57','57','57','Est sit minima qui. Qui qui quia ab. Dolores minus repudiandae corporis quasi occaecati facere sed.','2008-11-18 22:57:29'),
('58','58','58','Sed deleniti quibusdam unde repudiandae reiciendis ipsum. Voluptas provident temporibus blanditiis iste itaque. Fuga voluptatem voluptatem sequi voluptate nostrum quia enim. Quibusdam distinctio error qui qui.','2001-02-08 16:35:34'),
('59','59','59','Sint et eaque odit cumque quia. Voluptatem minima est quisquam soluta et iusto animi. Quod quaerat error similique quas.','1992-07-14 06:16:42'),
('60','60','60','Hic pariatur soluta quo explicabo est. Assumenda quasi atque molestiae provident aut animi et.','1991-03-13 10:26:19'),
('61','61','61','Soluta omnis id dolor totam magni. Temporibus dolor repudiandae qui earum sit mollitia qui. Et suscipit odit ipsum fugit unde nesciunt.','1993-03-17 20:25:22'),
('62','62','62','Reiciendis minus corporis sed. Et et sunt maiores nulla facere ipsum. Amet voluptate rerum quia veniam architecto sint.','1981-08-26 21:44:18'),
('63','63','63','Velit quia optio accusantium itaque ad voluptatem. Cupiditate distinctio vel unde numquam.','2013-10-25 14:01:34'),
('64','64','64','Quis dignissimos dolorem ex maiores est aut. Est est unde provident esse deleniti. Ratione dolor hic id perferendis qui voluptatem enim. Est nesciunt quia id esse libero.','1985-04-23 04:30:19'),
('65','65','65','Qui et corporis temporibus occaecati. Est illo minima et nisi.','2002-10-20 10:35:17'),
('66','66','66','Harum totam laboriosam aut praesentium aut quia debitis. Ab qui facere assumenda eum molestiae itaque.','2008-01-22 09:52:58'),
('67','67','67','Laudantium qui aut est. Molestias totam consequatur magni. Quo itaque laboriosam dolorem nulla qui. Rem quae quia aliquam velit aliquid vel.','1987-07-17 08:34:28'),
('68','68','68','Aspernatur a non accusantium expedita nam earum quisquam. Enim quo doloremque ipsam est mollitia ut.','2015-03-12 02:20:07'),
('69','69','69','Laboriosam eligendi placeat tempora laboriosam animi. Fugiat tempore quidem asperiores libero. Impedit soluta illum nihil ad omnis et nihil.','1982-08-01 23:22:48'),
('70','70','70','Eligendi voluptate commodi et. Eos quaerat tempora cumque est aut. Et consequatur unde commodi quia. Nulla laudantium perferendis officia suscipit quia optio.','2014-02-07 22:11:44'),
('71','71','71','Ipsa iste vitae assumenda debitis est. Ducimus vel qui praesentium enim ducimus unde illum. Quis consequuntur aut quia. Quod vel qui sint sit saepe sint tempore numquam.','1972-07-23 11:49:46'),
('72','72','72','Nihil explicabo qui quia debitis aut est. Facilis quis porro placeat delectus neque magnam qui. Amet debitis labore assumenda cum optio. Qui quis accusamus minus qui.','1981-05-29 18:06:01'),
('73','73','73','Repellat beatae reprehenderit corrupti aut laborum voluptatem illum placeat. Qui et nulla quibusdam ullam. Et suscipit dolorem dolorem rerum possimus dicta illo. Et perspiciatis sequi eaque.','1988-02-29 17:40:01'),
('74','74','74','Quas illo minima nemo omnis quidem cumque. Atque velit accusamus quisquam ut deserunt sed voluptatem voluptatum. Quia laboriosam molestiae labore quia.','2006-02-27 01:54:31'),
('75','75','75','Consequatur quia officiis nihil odit numquam non. Nostrum labore corporis iusto sint aliquid et. Sint maiores et consequatur eaque animi doloremque illum non.','1989-02-12 12:03:01'),
('76','76','76','Culpa aspernatur qui assumenda. Accusantium voluptate veritatis quidem est.','1991-02-26 04:17:09'),
('77','77','77','Aliquid tenetur ullam et dolor. Rem soluta minima non nobis. Harum labore sint et aut omnis dolores enim. Saepe molestiae quas at doloribus quod quas qui.','2011-11-06 07:10:04'),
('78','78','78','Vitae aut in quos qui et vel voluptatem. Sed tenetur dolores vel ab.','1989-09-28 07:32:19'),
('79','79','79','Aut quia aut ipsa fuga consectetur. Odit quas aspernatur sapiente perspiciatis enim saepe corporis. Repellat odit aut deserunt qui atque est similique eos.','1985-09-04 20:47:14'),
('80','80','80','Enim illum repudiandae eius et sunt. Omnis voluptas minus dolore et explicabo accusantium. At et ut inventore dolores.','2014-07-20 14:10:19'),
('81','81','81','Ducimus dolor eos qui optio eos. Maiores similique dolor assumenda eos. Possimus autem aspernatur dicta. Fuga et voluptates vitae repellat necessitatibus.','1981-07-10 09:20:15'),
('82','82','82','Aut eos repellendus dolor deleniti placeat. Qui aspernatur illo modi sed architecto. Occaecati temporibus ipsam non soluta dignissimos molestiae possimus. Ut et culpa voluptas libero ducimus. Molestias fuga saepe officiis esse.','2005-06-13 20:35:54'),
('83','83','83','Hic repellat omnis sequi sit ratione quasi voluptate consequatur. Sed occaecati aut nisi ut culpa.','2009-02-11 10:27:00'),
('84','84','84','Voluptatem velit facere sint aperiam alias non. A suscipit et quas ipsam facere modi sed. Quae vel repellat et ut sint asperiores earum. Voluptatem nostrum in optio nulla voluptatem dignissimos.','1986-01-23 16:08:25'),
('85','85','85','Maiores nisi saepe odit quibusdam officia laborum id. Voluptatem vel dolores occaecati omnis. Dolores qui eaque officia natus recusandae. Soluta ut cupiditate iusto quaerat et atque aut nesciunt.','2000-07-26 13:10:18'),
('86','86','86','Harum eaque et error accusantium est et tempore. Quas est dolor optio non. Numquam nobis consequatur eum commodi voluptas dolores autem. Architecto ad qui repellat libero.','2006-09-05 14:54:01'),
('87','87','87','Ut odit est aut autem quibusdam earum. Iste veniam voluptatem qui temporibus maxime aliquid consectetur. Et odio ipsam facere quam.','1996-12-07 00:18:00'),
('88','88','88','Odit eum quo et doloribus. Sit et et et. Optio dolorum consequatur harum esse aut tenetur. Odit minima perferendis sed velit impedit saepe voluptas.','1986-06-30 19:06:43'),
('89','89','89','Reiciendis corporis rerum vel maxime non optio. Tempore eum sed magni voluptatem illo rem sed enim. Quod est amet et velit aspernatur.','2006-09-25 20:20:43'),
('90','90','90','Quis sed est ipsam ea saepe. Dolor voluptatem similique soluta aliquam adipisci voluptatem.','2003-12-19 19:30:14'),
('91','91','91','Consequatur est ad repellat quis dolores. Laborum magnam sint sed vero. In omnis accusantium distinctio ipsum eos numquam. Minima rem praesentium in aperiam. Eum saepe occaecati fuga et expedita tenetur cupiditate.','1980-04-29 12:55:50'),
('92','92','92','Provident non et voluptates quos nisi ullam unde. Tenetur qui ad qui mollitia beatae alias itaque. Magni deleniti at dolores suscipit voluptatibus dolore.','1987-09-18 20:54:05'),
('93','93','93','Optio ut consequatur voluptas laudantium earum. Voluptas molestiae necessitatibus ut repudiandae.','1999-12-21 12:14:10'),
('94','94','94','Fuga et nostrum ipsa. Consequatur voluptatum veniam corrupti quae qui.','2016-07-26 19:17:32'),
('95','95','95','Perspiciatis rerum excepturi earum doloribus. Incidunt vel consectetur cum praesentium autem sed. Voluptates necessitatibus voluptatem et officiis reiciendis eum. Quod asperiores omnis enim aperiam harum blanditiis.','2014-04-29 19:00:10'),
('96','96','96','Doloribus et reprehenderit harum at. Excepturi rerum debitis libero veniam exercitationem qui accusamus. Beatae est autem ut voluptas quisquam. Expedita voluptatem repellendus id recusandae illum maxime.','1974-10-15 07:20:33'),
('97','97','97','Quia commodi commodi optio similique veniam. Veritatis est commodi quia quia. Voluptatum dicta iste non fugiat sint aperiam aspernatur. In soluta ipsa reprehenderit iusto.','1995-08-31 16:52:09'),
('98','98','98','Neque eius quis odit veniam suscipit dolore qui doloremque. Ut asperiores ut ipsam iusto. Voluptatibus in commodi quia quia aut vitae magnam. Sit consequatur officia soluta nihil deserunt.','1972-11-03 04:45:21'),
('99','99','99','Deleniti saepe voluptas aliquid fugit recusandae enim nostrum. Tempore molestiae voluptatem ipsa debitis accusamus. Culpa eos ut voluptatem quaerat veniam. Occaecati quo vero eum autem maxime.','1972-10-24 00:32:15'),
('100','100','100','Ipsa maiores quo hic praesentium enim dolores distinctio cum. Cum in fugit quos. Neque non delectus consequatur autem. Iure dolorem magni modi harum aut. Optio consequatur ratione perspiciatis mollitia.','1989-02-14 22:31:14'); 


DROP TABLE IF EXISTS `communities`;
CREATE TABLE `communities` (
  `id` bigint(20) unsigned NOT NULL AUTO_INCREMENT,
  `name` varchar(255) COLLATE utf8_unicode_ci DEFAULT NULL,
  PRIMARY KEY (`id`),
  KEY `name` (`name`)
) ENGINE=InnoDB AUTO_INCREMENT=101 DEFAULT CHARSET=utf8 COLLATE=utf8_unicode_ci;

INSERT INTO `communities` VALUES ('70','ab'),
('100','aliquid'),
('84','animi'),
('10','aperiam'),
('78','aspernatur'),
('69','atque'),
('7','aut'),
('54','aut'),
('74','aut'),
('97','aut'),
('14','autem'),
('82','cumque'),
('25','debitis'),
('39','deleniti'),
('91','deserunt'),
('71','dicta'),
('42','doloribus'),
('48','doloribus'),
('11','ea'),
('87','earum'),
('62','eius'),
('57','enim'),
('23','error'),
('46','esse'),
('31','est'),
('3','et'),
('17','et'),
('66','et'),
('81','et'),
('93','et'),
('95','et'),
('96','et'),
('38','eum'),
('8','facilis'),
('86','fugiat'),
('40','incidunt'),
('50','ipsum'),
('35','minima'),
('4','molestias'),
('92','molestias'),
('88','mollitia'),
('41','nemo'),
('83','nemo'),
('22','nihil'),
('6','nisi'),
('73','nostrum'),
('33','odio'),
('77','officia'),
('9','omnis'),
('20','omnis'),
('34','omnis'),
('80','omnis'),
('52','provident'),
('19','quaerat'),
('29','quam'),
('18','quas'),
('13','qui'),
('55','qui'),
('72','qui'),
('85','qui'),
('1','quia'),
('58','quia'),
('16','quidem'),
('44','quidem'),
('21','quis'),
('32','quod'),
('90','quod'),
('2','quos'),
('53','recusandae'),
('98','rem'),
('64','repellendus'),
('26','repudiandae'),
('15','rerum'),
('43','sequi'),
('47','sit'),
('49','sit'),
('75','sit'),
('94','sit'),
('63','sunt'),
('37','suscipit'),
('56','suscipit'),
('68','suscipit'),
('51','tempore'),
('28','ullam'),
('5','ut'),
('61','ut'),
('99','ut'),
('67','velit'),
('30','veniam'),
('45','veniam'),
('27','veritatis'),
('79','veritatis'),
('65','vero'),
('24','vitae'),
('76','voluptate'),
('89','voluptate'),
('36','voluptatem'),
('60','voluptatem'),
('12','voluptatum'),
('59','voluptatum'); 


DROP TABLE IF EXISTS `friend_requests`;
CREATE TABLE `friend_requests` (
  `initiator_user_id` bigint(20) unsigned NOT NULL,
  `target_user_id` bigint(20) unsigned NOT NULL,
  `status` enum('requested','approved','unfriended','declined') COLLATE utf8_unicode_ci DEFAULT 'requested',
  `requested_at` datetime DEFAULT current_timestamp(),
  `confirmed_at` datetime DEFAULT NULL,
  PRIMARY KEY (`initiator_user_id`,`target_user_id`),
  KEY `initiator_user_id` (`initiator_user_id`),
  KEY `target_user_id` (`target_user_id`),
  CONSTRAINT `friend_requests_ibfk_1` FOREIGN KEY (`initiator_user_id`) REFERENCES `users` (`id`),
  CONSTRAINT `friend_requests_ibfk_2` FOREIGN KEY (`target_user_id`) REFERENCES `users` (`id`)
) ENGINE=InnoDB DEFAULT CHARSET=utf8 COLLATE=utf8_unicode_ci;

INSERT INTO `friend_requests` VALUES ('1','1','requested','1970-09-05 21:09:21','1976-02-02 05:47:53'),
('2','2','unfriended','1987-04-11 00:16:55','1977-02-22 16:05:44'),
('3','3','unfriended','1976-10-28 16:27:49','1993-07-09 08:42:37'),
('4','4','requested','2017-03-01 23:00:15','1973-09-06 09:30:52'),
('5','5','approved','1995-07-09 02:54:04','2009-07-18 05:24:13'),
('6','6','declined','2009-09-25 13:43:55','1973-11-04 04:05:15'),
('7','7','declined','1993-05-11 14:40:23','1971-11-25 14:17:35'),
('8','8','approved','1987-03-23 14:17:39','1997-01-26 09:31:20'),
('9','9','declined','1970-03-08 00:56:12','2006-09-24 19:23:36'),
('10','10','unfriended','1988-10-02 18:24:33','1999-07-03 09:38:22'),
('11','11','declined','1992-08-23 19:13:44','1992-12-27 00:14:57'),
('12','12','declined','2007-12-30 02:01:39','1987-09-29 01:26:02'),
('13','13','unfriended','2008-05-28 13:40:39','2001-05-10 15:35:28'),
('14','14','declined','2008-06-18 09:19:21','1984-06-15 15:52:32'),
('15','15','unfriended','1983-03-02 06:00:45','1990-05-31 09:17:04'),
('16','16','approved','1999-05-11 09:16:52','2012-09-16 19:52:31'),
('17','17','approved','1993-02-03 17:55:48','1972-03-23 07:26:36'),
('18','18','requested','1987-05-06 14:20:47','1974-04-24 04:39:42'),
('19','19','declined','1995-01-27 15:00:58','2000-09-16 01:41:27'),
('20','20','requested','1978-07-26 21:27:09','1996-11-05 22:57:00'),
('21','21','declined','2015-11-01 19:27:21','1970-04-22 08:02:28'),
('22','22','requested','2013-08-02 07:05:28','2018-09-30 06:48:47'),
('23','23','unfriended','1978-08-03 01:11:39','1975-10-02 05:14:30'),
('24','24','requested','2011-04-26 16:24:23','2011-10-28 00:07:01'),
('25','25','unfriended','2010-03-17 08:28:14','1982-06-08 11:38:09'),
('26','26','approved','2007-10-18 06:41:27','1987-07-09 13:35:10'),
('27','27','unfriended','2010-09-02 12:03:56','2010-06-04 05:28:16'),
('28','28','approved','1984-04-28 01:01:39','1973-12-13 18:59:47'),
('29','29','unfriended','2017-07-05 20:45:54','2015-08-29 23:34:06'),
('30','30','approved','1996-03-28 03:00:33','1994-07-24 23:14:01'),
('31','31','approved','2018-10-01 10:34:17','1972-04-06 19:25:55'),
('32','32','unfriended','1981-10-01 03:59:39','2002-12-13 23:09:35'),
('33','33','declined','2014-05-06 00:17:08','1992-05-12 13:36:06'),
('34','34','requested','1975-07-13 22:52:58','1982-03-28 06:12:11'),
('35','35','declined','1986-09-06 06:29:01','2012-06-27 13:44:55'),
('36','36','declined','1976-09-16 02:32:27','2013-04-05 23:00:33'),
('37','37','requested','2016-11-05 06:32:34','1973-04-01 02:59:05'),
('38','38','unfriended','2007-12-17 21:08:27','1971-07-20 05:15:06'),
('39','39','unfriended','1992-07-08 02:15:01','2004-08-13 06:33:01'),
('40','40','unfriended','1983-11-17 16:42:04','1973-02-14 02:54:37'),
('41','41','unfriended','1979-01-10 18:21:21','2016-09-07 17:10:12'),
('42','42','declined','1993-04-07 15:36:33','1995-10-21 04:35:01'),
('43','43','requested','1975-06-12 17:45:55','2015-09-14 01:07:42'),
('44','44','unfriended','2004-12-06 23:13:24','1987-03-22 21:23:59'),
('45','45','requested','1981-06-28 11:11:44','1984-12-12 05:26:17'),
('46','46','requested','1994-03-19 17:21:32','1975-11-16 10:30:38'),
('47','47','approved','2016-01-15 04:51:54','1985-02-12 13:04:08'),
('48','48','requested','2002-08-14 00:48:34','2007-10-23 11:56:57'),
('49','49','approved','1982-09-21 00:04:11','1995-02-06 13:12:28'),
('50','50','requested','2006-10-17 10:19:54','1983-08-10 03:59:28'),
('51','51','unfriended','1979-01-11 00:23:26','1990-09-05 23:03:46'),
('52','52','declined','2019-02-10 23:01:53','2003-11-06 04:44:31'),
('53','53','approved','2000-07-06 21:29:05','2003-03-05 11:57:01'),
('54','54','requested','1972-12-24 17:22:55','2015-07-21 06:41:26'),
('55','55','requested','1990-11-13 22:18:18','1978-02-17 22:50:12'),
('56','56','declined','2019-04-17 08:16:13','2000-05-15 11:51:50'),
('57','57','declined','2013-03-08 21:43:42','2006-05-02 15:47:40'),
('58','58','approved','1996-11-22 08:44:36','2005-07-22 13:58:52'),
('59','59','approved','1984-08-12 02:00:45','2016-01-17 13:58:54'),
('60','60','unfriended','1981-09-22 02:39:00','2004-04-09 22:46:19'),
('61','61','requested','1975-06-21 07:51:04','1975-04-26 16:52:43'),
('62','62','declined','2012-02-27 07:16:58','1970-07-25 19:34:22'),
('63','63','unfriended','1970-02-20 20:09:44','1976-12-09 06:34:19'),
('64','64','requested','1992-08-24 19:17:54','1989-07-28 20:58:09'),
('65','65','requested','1981-01-24 07:03:27','1983-12-20 08:08:26'),
('66','66','declined','1997-07-05 06:20:14','1995-02-18 09:13:37'),
('67','67','unfriended','2001-11-11 01:44:09','1984-03-18 04:12:09'),
('68','68','requested','2013-09-30 19:22:52','2007-08-10 09:04:42'),
('69','69','approved','2017-12-03 11:21:10','1972-07-13 15:50:36'),
('70','70','declined','2010-05-17 06:53:00','1985-01-27 02:09:14'),
('71','71','approved','1998-09-10 02:15:38','1992-02-05 03:18:41'),
('72','72','approved','1973-11-25 09:32:26','2018-01-02 15:37:27'),
('73','73','requested','2020-02-25 02:37:32','1992-03-07 21:34:24'),
('74','74','requested','2020-07-24 10:15:12','2008-08-11 03:48:29'),
('75','75','unfriended','1982-01-10 05:48:33','2002-08-20 07:05:53'),
('76','76','unfriended','2016-07-29 04:21:02','2009-09-22 17:53:28'),
('77','77','requested','2008-08-30 00:49:18','1983-04-02 14:25:26'),
('78','78','approved','1983-12-23 18:59:51','1993-02-03 14:21:25'),
('79','79','requested','2011-08-04 07:26:44','1989-07-26 01:45:16'),
('80','80','declined','1997-11-10 10:44:47','1982-06-26 06:51:18'),
('81','81','declined','2010-12-26 04:28:13','2011-09-20 06:20:51'),
('82','82','requested','1984-07-18 17:12:01','1972-04-11 19:12:10'),
('83','83','approved','1987-05-23 21:32:52','2019-08-17 12:45:38'),
('84','84','approved','1989-07-16 21:57:33','1973-05-17 12:59:03'),
('85','85','approved','2015-07-20 22:17:32','1993-03-17 06:43:24'),
('86','86','unfriended','2010-06-08 01:58:49','2001-03-20 02:31:45'),
('87','87','unfriended','1984-07-15 18:46:22','1990-04-27 05:08:53'),
('88','88','approved','2000-09-28 16:35:49','2018-01-17 18:03:31'),
('89','89','approved','1988-10-03 10:01:05','2005-02-28 13:04:42'),
('90','90','requested','1977-04-01 11:08:20','2009-11-01 07:24:38'),
('91','91','unfriended','1992-12-26 01:22:42','2009-02-08 01:51:29'),
('92','92','approved','2009-03-13 22:26:46','1987-07-06 03:21:56'),
('93','93','declined','2012-09-05 03:05:32','2001-01-15 06:06:10'),
('94','94','unfriended','1985-06-11 13:36:18','2004-01-24 22:34:42'),
('95','95','unfriended','1995-02-08 12:13:43','2015-05-15 01:45:34'),
('96','96','requested','1995-03-29 23:33:57','1984-12-28 00:29:48'),
('97','97','approved','2006-04-02 18:17:33','2000-10-27 10:38:38'),
('98','98','declined','1974-10-07 23:18:02','2006-10-10 08:31:09'),
('99','99','unfriended','2005-07-31 22:52:20','1981-10-14 03:11:56'),
('100','100','declined','1989-09-29 16:47:21','2018-01-06 03:03:17'); 


DROP TABLE IF EXISTS `likes`;
CREATE TABLE `likes` (
  `post_id` bigint(20) unsigned NOT NULL,
  `user_id` bigint(20) unsigned NOT NULL,
  `numbers_of_likes` bigint(20) DEFAULT NULL,
  PRIMARY KEY (`post_id`),
  KEY `user_id` (`user_id`),
  CONSTRAINT `likes_ibfk_1` FOREIGN KEY (`user_id`) REFERENCES `users` (`id`),
  CONSTRAINT `likes_ibfk_2` FOREIGN KEY (`post_id`) REFERENCES `posts` (`id`)
) ENGINE=InnoDB DEFAULT CHARSET=utf8 COLLATE=utf8_unicode_ci;

INSERT INTO `likes` VALUES ('1','1','5'),
('2','2','824178'),
('3','3','414111264'),
('4','4','6032'),
('5','5','125763925'),
('6','6','68'),
('7','7','10'),
('8','8','674920356'),
('9','9','0'),
('10','10','9861'),
('11','11','3530'),
('12','12','82756'),
('13','13','591'),
('14','14','694'),
('15','15','75301912'),
('16','16','592938'),
('17','17','954143'),
('18','18','586747'),
('19','19','236'),
('20','20','1730'),
('21','21','2484'),
('22','22','68923774'),
('23','23','8640301'),
('24','24','81'),
('25','25','8778344'),
('26','26','9259'),
('27','27','98'),
('28','28','2'),
('29','29','176'),
('30','30','25943916'),
('31','31','869885447'),
('32','32','97'),
('33','33','89998556'),
('34','34','0'),
('35','35','1960'),
('36','36','760251529'),
('37','37','418'),
('38','38','76'),
('39','39','920313628'),
('40','40','29'),
('41','41','246'),
('42','42','529'),
('43','43','833806'),
('44','44','2873855'),
('45','45','6742442'),
('46','46','53956569'),
('47','47','131196'),
('48','48','815'),
('49','49','1945'),
('50','50','2239306'),
('51','51','822116'),
('52','52','734926'),
('53','53','4313'),
('54','54','8964'),
('55','55','570350707'),
('56','56','27258'),
('57','57','7947339'),
('58','58','563'),
('59','59','294972953'),
('60','60','0'),
('61','61','0'),
('62','62','195625'),
('63','63','990034575'),
('64','64','49'),
('65','65','259272430'),
('66','66','234'),
('67','67','3819073'),
('68','68','959909'),
('69','69','0'),
('70','70','3704'),
('71','71','88247242'),
('72','72','780'),
('73','73','82022650'),
('74','74','59'),
('75','75','5'),
('76','76','3641'),
('77','77','4120745'),
('78','78','82'),
('79','79','321977396'),
('80','80','286'),
('81','81','95462941'),
('82','82','2986'),
('83','83','41851'),
('84','84','127107'),
('85','85','889462'),
('86','86','928'),
('87','87','943135698'),
('88','88','851568'),
('89','89','0'),
('90','90','888818225'),
('91','91','3869932'),
('92','92','3374'),
('93','93','340779'),
('94','94','17'),
('95','95','10'),
('96','96','714'),
('97','97','689806256'),
('98','98','9938172'),
('99','99','410435'),
('100','100','65949'); 


DROP TABLE IF EXISTS `messages`;
CREATE TABLE `messages` (
  `id` bigint(20) unsigned NOT NULL AUTO_INCREMENT,
  `from_user_id` bigint(20) unsigned NOT NULL,
  `to_user_id` bigint(20) unsigned NOT NULL,
  `body` text COLLATE utf8_unicode_ci DEFAULT NULL,
  `is_read` tinyint(1) DEFAULT 0,
  `created_at` datetime DEFAULT current_timestamp(),
  PRIMARY KEY (`id`),
  KEY `from_user_id` (`from_user_id`),
  KEY `to_user_id` (`to_user_id`),
  CONSTRAINT `messages_ibfk_1` FOREIGN KEY (`from_user_id`) REFERENCES `users` (`id`),
  CONSTRAINT `messages_ibfk_2` FOREIGN KEY (`to_user_id`) REFERENCES `users` (`id`)
) ENGINE=InnoDB AUTO_INCREMENT=101 DEFAULT CHARSET=utf8 COLLATE=utf8_unicode_ci;

INSERT INTO `messages` VALUES ('1','1','1','Sapiente officiis voluptas ut inventore. Odio placeat eius perferendis. Delectus cum voluptatem vel qui eius placeat nesciunt.','0','1999-01-01 10:26:56'),
('2','2','2','Ut temporibus voluptas eos officiis nesciunt et. Excepturi et tempora quam omnis deserunt. Est impedit sed et voluptates voluptatem dolorum in. Odit adipisci eius veritatis magnam eum in libero. Rerum ut expedita dolore ex.','1','2007-08-08 18:56:58'),
('3','3','3','Omnis qui officiis exercitationem exercitationem unde sit. Deleniti hic fugit quisquam et eum. Omnis occaecati et amet recusandae.','1','1993-03-27 17:50:20'),
('4','4','4','Exercitationem sit veniam maxime est numquam dolores. Qui itaque ut deleniti autem at officiis illo rerum. Suscipit odit sit libero laborum et velit eius. Distinctio ex ducimus itaque quo.','0','2019-01-19 10:42:07'),
('5','5','5','Consequuntur est explicabo ut quod eos. Dicta architecto ducimus vero possimus. Sed non voluptatum ea deleniti laboriosam. Tempore omnis aliquid rerum quis quia maiores.','1','2000-01-22 02:44:57'),
('6','6','6','Recusandae delectus et totam dolore voluptas ea. Quibusdam autem dicta non eius provident maiores ad. Harum ut quia enim qui dignissimos doloribus cum dolores. Autem similique quibusdam vel enim voluptas repudiandae.','1','1974-10-01 17:55:07'),
('7','7','7','Voluptatem quos a dolores distinctio quae ut vitae. Error aut velit esse atque voluptatem. Est ullam commodi ipsum impedit.','1','1971-06-12 17:12:08'),
('8','8','8','Optio voluptates excepturi necessitatibus perferendis aut provident velit officia. Praesentium est nemo omnis quas. Consequatur sed ratione cumque adipisci maxime.','1','2003-06-17 03:25:00'),
('9','9','9','Ea est et laborum temporibus omnis cupiditate facilis voluptates. Ea alias est assumenda aut tempora ducimus. Ab accusamus sequi sequi.','0','2012-07-27 09:23:15'),
('10','10','10','Qui est hic sed sequi. Odit omnis dignissimos est enim. Omnis aut vel et tempora ea.','0','1979-05-27 09:45:02'),
('11','11','11','Voluptates facere a dolor quos vero omnis et. Dolor quis facere aut non. Maiores voluptas sequi est quos nulla. Nihil iure sit aut qui minima accusantium ipsam.','1','1974-01-28 08:35:52'),
('12','12','12','Dolor quidem alias voluptates ex harum voluptatem. Est id deserunt et nam aliquam. Explicabo dolores dolores nostrum sed sed. Quas dolor consectetur quia velit in.','0','1985-11-11 04:19:06'),
('13','13','13','Sunt voluptas sed nihil pariatur voluptas perspiciatis quos cumque. Nostrum nesciunt quia repudiandae consequatur.','0','1993-02-17 00:44:28'),
('14','14','14','Ut aut harum aut pariatur voluptate. Doloribus odio praesentium rerum vel. Aspernatur ducimus ducimus excepturi soluta.','1','1976-11-03 18:57:40'),
('15','15','15','Nihil nemo commodi cumque est nisi. Iste eligendi autem facere nihil. Quibusdam aut voluptate quo omnis voluptas.','0','2017-12-29 19:21:35'),
('16','16','16','Deserunt qui odio dolorem quidem quam quia repellendus est. Nisi rerum quibusdam iure labore quo dolorum.','1','1996-04-29 09:20:31'),
('17','17','17','Consectetur voluptatem numquam non iusto illum voluptas et. Provident libero facilis consequatur iusto accusantium sunt. Doloribus asperiores architecto consequatur saepe praesentium rerum voluptatem. Ducimus laudantium aliquam ullam aliquam et. Dolorem quam sint mollitia dolorum et nemo.','0','2001-08-25 17:20:11'),
('18','18','18','Modi eos necessitatibus placeat recusandae officiis vel. Eos quo et exercitationem nulla sit itaque dolor. Et et laboriosam fugiat aperiam perferendis labore.','1','1974-08-27 04:11:58'),
('19','19','19','Voluptatibus architecto sapiente deserunt aut qui. Omnis ea dolor optio dicta in ad. Et aspernatur neque necessitatibus dolorum possimus est ea. Omnis at eos voluptas et sed aperiam.','0','1987-05-08 20:29:08'),
('20','20','20','Sed sapiente cum error laudantium adipisci assumenda nemo. Dolor provident modi necessitatibus commodi provident assumenda aliquid. Perferendis eos molestiae est non omnis consequatur.','1','1986-04-10 16:36:33'),
('21','21','21','Porro nobis odit numquam magni iste velit. Et corporis impedit natus delectus.','1','1988-08-02 15:40:18'),
('22','22','22','Distinctio quis animi nulla quia. Atque ut optio ut enim ipsa consectetur. Sint dolor ipsum sit perferendis vero itaque et. Et voluptatibus commodi et unde qui.','1','1984-02-10 14:01:08'),
('23','23','23','Et similique enim assumenda commodi delectus autem rerum repellendus. Labore laborum unde officiis aut et ipsa id molestias. Possimus aliquam sapiente ut nostrum.','1','1989-11-04 18:58:36'),
('24','24','24','Reprehenderit alias rem et ab voluptas neque. Ratione nobis quis voluptas repellat nulla sed explicabo. Impedit enim officiis quia est incidunt ea sunt. Aut sint nobis quo ut natus quidem numquam natus.','0','1975-01-14 08:59:04'),
('25','25','25','Deleniti eum minima blanditiis minima porro. Aut amet expedita et.','0','1976-09-05 10:10:45'),
('26','26','26','Inventore libero similique harum doloremque. Tempora non nisi maiores ducimus eum in. Officiis perferendis nemo laborum at dignissimos vitae. Enim et distinctio consequatur dolorem eaque nobis magnam omnis.','1','1997-05-13 20:02:30'),
('27','27','27','Quaerat et nemo in voluptatem. Possimus delectus voluptatem omnis ipsum. Optio vero voluptatem ut qui. Nobis consequatur aperiam impedit in illo corporis animi.','1','1979-09-30 02:35:26'),
('28','28','28','Veritatis consequatur tempora voluptatibus. Et voluptatem modi atque mollitia velit. Assumenda accusamus sunt aut ullam est consequatur cum qui.','1','1982-12-07 06:57:36'),
('29','29','29','Aspernatur sit explicabo numquam et quae iste. Labore voluptatibus impedit totam enim quia eos magni pariatur. Itaque blanditiis dolor qui. Enim minus quia accusantium sed recusandae. Consequuntur consequatur et tempore at amet delectus voluptas ipsa.','0','2009-07-29 21:27:31'),
('30','30','30','Ipsam sunt sed at beatae maxime. Et tempora maxime aut molestiae et et ut repudiandae. Dolores quam enim error quas est. Aut quia ad autem sunt.','0','1992-01-15 05:44:45'),
('31','31','31','Harum ut saepe praesentium quia tempora et. Maiores saepe in in maiores. Voluptatem beatae omnis in esse placeat aut ratione. In velit ullam ut enim.','1','1982-09-16 16:21:12'),
('32','32','32','Cupiditate dolor voluptatibus minima expedita. Cumque necessitatibus eligendi vel dolore dignissimos quo. Fugit et et eos incidunt id id. Id ut dignissimos cum omnis.','0','2018-07-03 11:47:18'),
('33','33','33','Quae impedit itaque distinctio et magnam expedita ut. Corrupti atque sunt aperiam id commodi quis excepturi. Iste non aperiam sint consequatur repudiandae aut rem.','1','1970-05-16 21:17:07'),
('34','34','34','Blanditiis omnis non aspernatur error autem a. Quaerat qui quia id. Mollitia voluptatum in sint eligendi aut in repudiandae nihil.','0','1983-11-26 20:41:35'),
('35','35','35','Facilis asperiores sed sunt nobis. Accusamus deserunt fuga maiores itaque in libero. Doloremque provident reprehenderit qui nemo ea sequi.','1','2003-01-31 10:42:00'),
('36','36','36','Error quis necessitatibus alias amet dolorem. Id vero ea voluptatem aliquam dolore cupiditate dolorem. Sit quo fugiat alias quaerat.','0','2017-10-25 18:49:20'),
('37','37','37','Numquam corporis repellat rerum quod. Aut consequatur itaque vitae est. Quasi labore numquam maiores quis neque. Doloribus maiores eum veniam culpa.','0','2016-01-10 17:57:24'),
('38','38','38','Asperiores totam quis reiciendis. Quo consequuntur iusto ducimus.','0','1998-10-08 01:44:59'),
('39','39','39','Hic minima qui placeat id rerum velit cum voluptatibus. Animi corrupti molestiae possimus quas provident et. Qui velit sunt accusantium dolores et est voluptate corporis. Est ut sint animi tempore ab ea hic quidem.','1','1978-07-08 18:02:42'),
('40','40','40','Ut pariatur quia eligendi debitis adipisci et. Et aperiam et quidem perspiciatis temporibus. Nam et molestiae vero.','0','1997-02-17 10:39:39'),
('41','41','41','Ipsa sint officia dolores enim aliquam enim ut. Sunt at nobis qui voluptas iure quaerat. Tempore maiores veritatis laborum ut.','0','1992-10-26 02:24:43'),
('42','42','42','Dolor eaque illum ducimus nostrum beatae. Vel autem quia quibusdam dolorum eveniet quis. Et vel iure distinctio voluptas occaecati omnis. Sit voluptatem sunt et maiores dolorem cupiditate quo labore.','0','2005-06-26 16:23:51'),
('43','43','43','Maiores qui in omnis ut. Ut itaque ad voluptas enim aspernatur. Asperiores officiis animi similique odit iste ipsum fuga perferendis.','1','1982-08-08 19:49:11'),
('44','44','44','Doloribus voluptas distinctio voluptas aut. Eaque aliquid dolorem voluptate et laborum molestiae. Dolores sapiente dolor in dolorem. Aliquam libero suscipit aut.','1','2004-05-24 09:31:16'),
('45','45','45','Ea dolorem dolorum repellendus sit vel alias. Magni nihil ipsam excepturi. Adipisci quia sed et magni ut alias laboriosam. Quia et aut asperiores. Accusantium exercitationem blanditiis quaerat maxime nesciunt.','0','1989-10-04 08:58:30'),
('46','46','46','Reprehenderit impedit aperiam aliquid iusto et quisquam provident. Veritatis qui repudiandae labore id placeat repellat. Sunt ea sit impedit sit. Dolorem sit hic voluptatem nemo quod.','1','1996-07-11 14:44:08'),
('47','47','47','Quam iste possimus sunt. Cumque ut nemo velit tempore eos doloremque quidem. Quia a ea iure corporis suscipit quia hic.','1','1980-03-04 18:05:32'),
('48','48','48','Commodi rem similique commodi. Quaerat eaque commodi fugiat velit quos. Quis labore qui quia mollitia.','1','1980-05-12 10:18:55'),
('49','49','49','Non sed eaque voluptatibus et pariatur facere. Sed atque nesciunt fugit voluptatibus labore odio. Aliquid quia temporibus necessitatibus. Similique eligendi provident est facilis deserunt eos quo accusamus.','1','2020-08-19 01:13:01'),
('50','50','50','Distinctio voluptatem id non laudantium tempore aspernatur. Laboriosam inventore modi tempore dicta nobis quia. Maiores eos consequatur sapiente minima. Est porro ad eos et.','0','1981-08-01 17:23:43'),
('51','51','51','Sunt nam veritatis dolorum voluptas. Dolores quos aut et excepturi repudiandae. Itaque ut quasi ut ea sed et necessitatibus.','0','1972-07-20 19:25:32'),
('52','52','52','Veritatis explicabo eos excepturi nihil modi omnis neque. Quasi itaque est quas illo voluptas ut. Doloribus cum qui iusto debitis est.','0','1983-06-03 16:31:02'),
('53','53','53','Numquam rerum unde itaque a inventore. Et itaque sed consectetur repellat eligendi vel libero. Nulla non amet aut adipisci autem est officia aut. Officiis odit eius reiciendis reprehenderit deserunt vel accusantium qui. Ipsum repudiandae beatae neque unde quam vel.','1','1983-01-24 21:05:42'),
('54','54','54','Magni natus sit amet odit. Fuga et officiis occaecati sunt. Incidunt ut molestiae nisi.','0','2009-06-30 05:53:27'),
('55','55','55','Consequatur doloribus illo delectus sit. Nihil reprehenderit fugit qui natus natus ut tempore nesciunt. Impedit quo vel alias at id eligendi fugiat. Quaerat nostrum minus atque.','0','1971-10-04 21:28:33'),
('56','56','56','Sit repellat iusto pariatur cum inventore. Aut eum qui dolore velit.','0','1981-11-16 14:35:13'),
('57','57','57','Vero assumenda laborum saepe tempore perferendis. Et consequatur nihil quasi et vero et. Et aspernatur molestiae tempore corporis sint rerum. Voluptatum vel culpa et officia incidunt.','1','1971-05-10 03:48:02'),
('58','58','58','Omnis error saepe nesciunt doloribus distinctio quidem similique. Fuga necessitatibus quia voluptas eum accusantium blanditiis ducimus. Id et sit itaque nemo facilis est.','0','1972-03-05 10:25:59'),
('59','59','59','Quasi perspiciatis autem eaque et. Voluptatem voluptates deleniti ut odio dolores dolores fugiat velit. Recusandae perspiciatis sint provident architecto dolores.','1','1998-02-15 23:55:00'),
('60','60','60','Eaque est non recusandae provident. Quisquam dolorum sunt quam eum ea dolor. Sint quibusdam rerum eum repellat qui voluptatum a. Natus aliquam sed rem sed.','1','2011-03-19 07:24:38'),
('61','61','61','Voluptas est dolorem nam et in cupiditate distinctio. Sapiente itaque nihil vero. Tenetur ut nesciunt ex reiciendis dolores enim voluptatem.','1','2011-12-03 00:39:23'),
('62','62','62','Quisquam laborum dolores qui rerum non non doloribus. Hic ut repellat tempora deserunt rem sequi. Molestiae delectus quia ut ipsum minus aliquam sequi. Sapiente itaque et sint doloribus a hic autem.','1','1980-10-11 01:18:54'),
('63','63','63','Odit quaerat qui qui quos quas ullam harum dolorum. Ipsum ut rerum voluptas temporibus. Dignissimos ut assumenda illum ut et occaecati quos enim. Est ab laboriosam rerum provident. Sunt libero voluptas sapiente rerum unde.','0','1985-11-03 06:17:31'),
('64','64','64','Quidem reprehenderit cupiditate maxime vitae. Voluptatum maiores fuga cum maxime rerum voluptas. Nemo sed minima odit facere. In ipsam dolor temporibus aliquid provident inventore perferendis.','0','1970-04-28 17:20:24'),
('65','65','65','Ipsum adipisci explicabo ea non eius. Voluptates possimus aut explicabo omnis tempora architecto et. Iste aut exercitationem cumque laudantium sint provident. Veniam quis totam sit illo saepe suscipit.','1','1980-12-11 08:29:13'),
('66','66','66','Cum cum ea quo id itaque. Ipsam praesentium assumenda ut est sit sunt laborum et. Qui inventore numquam sit. Veritatis magnam maxime odit ut ex tenetur placeat ducimus.','1','2013-07-11 05:13:07'),
('67','67','67','Culpa commodi ullam nostrum sit atque culpa illo. Eos ea quae quia porro. Explicabo et corporis sed qui id et id est.','0','1982-04-18 23:28:35'),
('68','68','68','Iure recusandae ab veniam sint quis voluptatem quibusdam. Quis nihil aut voluptas harum quisquam est cupiditate.','1','1975-12-12 07:49:22'),
('69','69','69','Labore aut sit natus voluptas. Laborum et enim aliquam consequatur ex. At vitae minima aspernatur quia quia eos.','0','1986-10-17 22:17:05'),
('70','70','70','Ipsum rerum et illum aut hic provident. Voluptatem ipsum vero voluptates ut eum. Quia laudantium et voluptas doloribus quasi eaque ut. Quia sed hic voluptas ut modi sequi delectus eveniet.','1','1987-09-29 20:47:00'),
('71','71','71','Quae sunt repudiandae voluptas voluptatem modi. Et quis cupiditate et assumenda et in. Ut aperiam debitis eaque aut dolore beatae.','1','1997-02-08 20:44:42'),
('72','72','72','Aut sed est sit possimus. Alias occaecati est dicta debitis. Unde sit ea non quia. Laborum aut sequi id dignissimos nihil eveniet itaque.','0','2008-08-18 23:32:55'),
('73','73','73','Tenetur ullam voluptatem est id qui repellendus ut. Quisquam numquam blanditiis quibusdam quis earum. Voluptatem doloremque minima quibusdam ullam numquam qui praesentium.','0','2004-01-21 01:59:55'),
('74','74','74','Ut velit nobis nihil autem veritatis mollitia earum. Qui atque optio eos officia. Dolor et voluptas vel sequi ut vel.','0','2016-04-18 21:56:37'),
('75','75','75','Facere atque aut nam animi eligendi. Labore architecto id et eos. Esse praesentium ea rerum consectetur dolores nihil eaque consequuntur. Quia quos architecto voluptate nobis possimus ratione aut recusandae.','1','2015-07-11 12:42:34'),
('76','76','76','Totam repellat voluptas error. Eligendi nulla nulla maxime velit. Optio est rerum impedit suscipit aliquam. Sint aut non sed sed.','0','1970-08-25 13:10:31'),
('77','77','77','Rerum rerum totam qui voluptatem voluptatem. Voluptatum cupiditate soluta omnis suscipit atque optio. Odit voluptatum veritatis ducimus ullam sapiente soluta ab.','0','2014-11-25 08:01:40'),
('78','78','78','Vel nostrum voluptas et dignissimos quibusdam. Delectus cupiditate ea eum est atque omnis. Et qui id ducimus veniam soluta dolorum aut. Atque et tempora cupiditate laboriosam asperiores.','0','1984-02-10 04:00:57'),
('79','79','79','Dolores velit error voluptatem consequuntur. Eum totam ea deleniti omnis. Consectetur aliquid corporis provident voluptas.','0','1998-05-21 21:53:01'),
('80','80','80','Labore velit ut reiciendis laboriosam sunt hic qui. Ipsum nesciunt ut laudantium dolore ullam sed ipsam.','0','2004-09-25 16:35:24'),
('81','81','81','Optio voluptatem ipsa maxime minima earum. Inventore optio et illo ea. Nam inventore explicabo quo nihil perspiciatis. Impedit ut eaque sit ipsam incidunt blanditiis dicta et.','1','2018-05-06 21:58:51'),
('82','82','82','Eaque quisquam aliquam aut nobis qui est sint. Voluptates dolorem odit est cum eaque non et.','1','1984-05-23 18:55:34'),
('83','83','83','Minima quis et aut sequi velit nisi. Est quisquam libero sunt temporibus sint natus.','0','2012-09-07 14:53:57'),
('84','84','84','Recusandae occaecati non illum fuga laudantium. Magni recusandae dolores molestias dolore aperiam dolore eos. Minima soluta consequatur aut omnis amet repudiandae. Sunt repellendus possimus blanditiis.','1','1979-11-25 14:07:55'),
('85','85','85','Quasi officiis pariatur et distinctio id. Velit fugiat quibusdam natus sint dolorem repellat ut repudiandae. Ut ipsum temporibus dicta ab.','1','1982-04-22 14:08:16'),
('86','86','86','Minus voluptatibus qui velit fuga possimus eaque distinctio. Voluptatem esse corporis quo recusandae neque quia sunt reiciendis. Ipsum assumenda minima ut amet ut. Neque maiores quia cumque voluptatem animi. Qui dolorem quo molestiae eaque quisquam laudantium et.','1','2020-03-27 18:00:08'),
('87','87','87','Debitis velit voluptatum et quia. Accusantium exercitationem blanditiis voluptatem doloribus qui adipisci et. Quo distinctio ex id ex et officia fugiat voluptas.','1','1972-04-19 19:22:15'),
('88','88','88','Excepturi ut enim consequuntur consequatur et. Ut consectetur sunt quibusdam totam est. Consequatur non pariatur deleniti dignissimos rem.','1','1997-02-24 18:28:48'),
('89','89','89','Rerum dicta velit est illum alias qui. Corrupti magni fugit autem odit sequi. Ullam aut quod labore sit totam. Vel sunt aut dolorem soluta accusantium est. Exercitationem est voluptatum atque qui nulla omnis commodi.','1','1993-01-20 19:51:49'),
('90','90','90','Corrupti itaque dolorem odit quidem aut nisi quo. Voluptas inventore placeat velit architecto distinctio asperiores sint officia. Fuga deleniti pariatur ut. Eos voluptatum et eius in laudantium qui voluptatem.','0','2005-06-29 12:49:46'),
('91','91','91','Aut voluptatem itaque facilis sed sit dolorem. Sit quia quis rerum facere. Quae ut vero modi incidunt. Sapiente aut et deleniti aut sunt libero.','0','2018-07-12 22:56:39'),
('92','92','92','Aut tempora atque sed iste dolorem et qui. Assumenda ut totam rem ut nulla consequatur ipsam. Ut ipsa accusamus est enim quia. Autem suscipit doloribus explicabo illo aut quisquam dicta ut.','0','1971-03-21 22:28:04'),
('93','93','93','Ex autem nobis rerum et animi delectus itaque. Eos quis corporis asperiores est incidunt vero dolorem fugiat. Ex consequatur id ut natus.','1','2000-04-22 21:22:45'),
('94','94','94','Est officiis officiis et quas aut. Quis provident asperiores dolorem sunt. Quod expedita quibusdam tempora quos corrupti voluptatum doloribus fuga.','1','1975-12-25 12:40:21'),
('95','95','95','Nulla eaque molestiae nihil. Eum quia et nobis. Distinctio non vel porro ut. Provident libero amet aspernatur dolore.','0','1990-11-12 02:42:57'),
('96','96','96','Vitae minus dolores dicta. Consequuntur itaque sed cumque eos.','0','1988-10-10 09:47:52'),
('97','97','97','Cumque non voluptatum aut et explicabo cupiditate non error. Sunt ducimus rerum in reiciendis. Reprehenderit quaerat nobis ipsam deserunt animi cupiditate. Minus cum qui rerum cumque quia.','1','1982-06-28 04:40:00'),
('98','98','98','Ut qui incidunt excepturi facere natus. Provident possimus maxime dolores a aut laudantium consequatur. Cupiditate veritatis itaque modi eum harum voluptatem et.','1','2004-06-26 11:00:03'),
('99','99','99','Et exercitationem debitis et voluptatem maiores aut. Qui tenetur beatae eaque accusantium. Consequuntur pariatur sequi id aperiam id maxime optio.','0','1978-02-23 17:45:26'),
('100','100','100','Quidem maxime cumque occaecati aperiam deserunt at. Quo nam dolorem repellat voluptatem voluptatum. Nam architecto fugit et eum ut aliquid laudantium.','0','1977-04-26 05:09:05'); 


DROP TABLE IF EXISTS `photos`;
CREATE TABLE `photos` (
  `id` bigint(20) unsigned NOT NULL AUTO_INCREMENT,
  `user_id` bigint(20) unsigned NOT NULL,
  `description` varchar(255) COLLATE utf8_unicode_ci DEFAULT NULL,
  `created_at` datetime DEFAULT current_timestamp(),
  PRIMARY KEY (`id`),
  KEY `user_id` (`user_id`),
  CONSTRAINT `photos_ibfk_1` FOREIGN KEY (`user_id`) REFERENCES `users` (`id`)
) ENGINE=InnoDB AUTO_INCREMENT=101 DEFAULT CHARSET=utf8 COLLATE=utf8_unicode_ci;

INSERT INTO `photos` VALUES ('1','1','Reprehenderit a explicabo sit placeat enim. Eos quam dolor magnam incidunt porro quasi officiis. Tempora aut illum ex. Voluptatum voluptates eos iste est ut.','1998-02-04 06:58:42'),
('2','2','Provident autem voluptate nihil nemo inventore velit quibusdam. Sit cumque sed vel rerum alias asperiores. Odit dolorum ut qui aliquam optio numquam. Expedita consequatur velit reiciendis voluptatem excepturi. Et ad ut natus magnam sit quidem.','2010-01-04 09:57:18'),
('3','3','Rerum fugiat quidem soluta repudiandae laboriosam quaerat. In quod fuga doloribus sunt.','1988-10-09 08:13:46'),
('4','4','Voluptas aut quidem dolores similique alias beatae corporis soluta. Dolor ut delectus reprehenderit odio rerum perspiciatis ut vel. Sunt ratione aspernatur enim culpa cum cum.','1974-09-30 18:02:03'),
('5','5','Voluptatem possimus asperiores eius. Dignissimos et laudantium voluptatum sed error sit neque.','1972-11-17 13:14:05'),
('6','6','Et repellendus iure voluptatem ut. Voluptatem aliquid omnis debitis impedit animi saepe consequatur. Non sunt dolore natus consequuntur suscipit at.','2014-03-13 00:07:47'),
('7','7','Consequatur commodi et ut deleniti deleniti perferendis dicta. Aliquid unde velit amet dolorem accusamus veritatis. Omnis culpa ut rem minus dolor aliquid. Accusamus ea nihil incidunt ut.','1986-08-02 22:01:11'),
('8','8','Voluptas iusto ea qui labore nulla. Reprehenderit at sed iusto minima deleniti nihil sunt. Velit facere repellendus sit.','1996-04-10 17:24:55'),
('9','9','Eligendi quis itaque at odit et quis commodi. Nobis nulla sed temporibus et magnam ut cum.','1996-07-28 08:31:33'),
('10','10','Sed ut sint recusandae omnis. Magnam animi sit earum ut est quasi mollitia. Ipsam sit eum odio ea commodi laudantium aut ut.','1972-07-11 21:50:35'),
('11','11','Consequuntur accusantium asperiores labore molestiae explicabo deserunt. Maxime vel eaque et debitis numquam. Qui et rerum modi eaque cumque voluptatem.','2000-07-19 11:32:29'),
('12','12','Error rerum ullam maxime alias. Fugiat cum vel ipsam ullam consequatur id qui omnis. Autem veniam rerum voluptate vel.','1997-09-21 23:55:20'),
('13','13','Eum aut sed accusamus omnis voluptas. Minima quibusdam deserunt tempore architecto. Dolores debitis nemo aliquam accusamus libero impedit blanditiis incidunt.','2004-01-20 02:32:58'),
('14','14','Reiciendis consequatur rem aut. Repellat suscipit autem eius reiciendis. Dicta ratione et deserunt nihil totam quidem doloribus ad. Et hic rerum omnis repudiandae esse ut.','1971-12-31 11:50:13'),
('15','15','Tempore est illo autem neque. Ipsum aut doloribus minima vel dolores necessitatibus reprehenderit repudiandae. Itaque nam aut sed. Vel ut quia placeat illum quisquam explicabo dolorem.','2019-10-31 01:53:00'),
('16','16','Vel asperiores aut similique quae. Repellendus et animi vel neque saepe. Ea nobis delectus eum facilis et sit et.','1992-01-26 06:10:50'),
('17','17','Sunt aliquam odit ipsam inventore aut harum nostrum. Ut quia et et magnam distinctio quia dolores. Quia non aut qui magni.','2012-04-13 20:22:23'),
('18','18','Et sunt officiis consequatur officiis eos rem a exercitationem. Natus vero consequatur dolores ut. Sunt quaerat mollitia qui dolores.','1988-09-11 16:36:24'),
('19','19','Excepturi modi culpa corrupti vel sint. Nobis aut perferendis non esse ad corrupti qui. Aliquam vitae facere velit corrupti magnam dolorum.','1982-08-20 16:53:29'),
('20','20','Omnis eum dolores blanditiis voluptatem nam ipsum. Ex ex eius occaecati id recusandae libero adipisci optio. In aliquid eligendi enim dolorum beatae.','1996-09-17 14:40:48'),
('21','21','Ex non qui laboriosam consectetur dolores necessitatibus. Saepe dolorem quo quam commodi ut culpa. Quia incidunt in illum dolores similique vel.','1981-06-06 16:15:44'),
('22','22','Neque voluptas laborum tenetur voluptas. Dolore debitis nemo doloremque a nisi. Consequatur eum labore suscipit quod ullam dolor aperiam. Eos delectus hic fugit inventore.','1976-12-20 23:01:47'),
('23','23','Eos sunt aut eius in. Qui molestiae at sit. Est consequatur quaerat quibusdam non. Sequi cum est minus fugit quia dolor molestiae nisi.','1993-10-07 07:44:16'),
('24','24','Necessitatibus placeat rerum porro aliquid dolorum qui. Quo saepe saepe modi laborum hic. Illo eius consequatur hic animi quis. Earum voluptas adipisci quam corporis deserunt aliquam.','1973-04-17 13:41:51'),
('25','25','Voluptas dolores molestiae et doloribus. Enim molestias voluptates voluptas quia ipsum.','1994-08-07 02:41:34'),
('26','26','Quis quibusdam dolore aut sapiente voluptate omnis atque et. Molestias quo illo minus maiores vel non beatae. Ea error et voluptatem tempore sequi. Eum cupiditate dolorem ut est saepe.','2005-03-06 21:43:30'),
('27','27','Ut occaecati sit voluptas modi. Tempore reiciendis perspiciatis voluptatibus. Animi rem nostrum et ea. Omnis veritatis nemo voluptatibus deserunt in culpa. Laudantium ut voluptatibus ipsum quo rerum quod nihil.','1985-05-22 01:24:17'),
('28','28','Autem tempora ducimus ipsum. Fugit impedit debitis vero. Et ut consequatur alias illo dolor et soluta. Consequatur ipsum similique occaecati doloribus maxime adipisci.','2009-08-07 21:05:39'),
('29','29','Laboriosam neque et quo accusamus et suscipit ut. Omnis non cumque omnis. Molestias voluptatem illum magni. Dignissimos nesciunt ut temporibus voluptatum voluptate deleniti quisquam accusantium.','1974-08-24 21:24:21'),
('30','30','Velit earum sint facilis. Voluptates officia natus modi voluptate. Aut ipsa est unde officiis quas. Sunt totam quia voluptates fugiat quia.','1991-01-18 18:27:51'),
('31','31','Et tempora commodi nobis occaecati assumenda minima sunt. Itaque ut dolorem ut aut. Saepe quas ut at animi ipsum.','2011-09-20 03:46:30'),
('32','32','Eos nesciunt eveniet ad dolorem quis. At qui voluptatem ut expedita in. Cumque cum impedit eligendi deserunt nesciunt. Ut totam iste tenetur vel id eveniet reiciendis.','2016-05-18 19:21:08'),
('33','33','Itaque in occaecati optio sit qui molestiae dolores. Adipisci architecto illum voluptatem eum corporis. Ullam voluptatum consectetur laudantium error quos corporis.','2013-11-30 16:30:49'),
('34','34','Harum reiciendis et dolor dolorem distinctio iure omnis. Odit nihil mollitia eos deserunt alias fuga repellendus. Quis earum adipisci ipsum pariatur quia voluptates.','2010-09-28 12:51:00'),
('35','35','Nulla perferendis pariatur qui odio veniam autem. Occaecati ut modi et quos totam quia maiores praesentium. Minus cum officiis sapiente est voluptates.','1991-12-28 16:21:34'),
('36','36','In voluptatum reprehenderit minus eos. Ut amet nulla a. Tempore quisquam quae nulla delectus quo.','2017-02-02 10:36:41'),
('37','37','Iusto magnam placeat et dolorem. Qui et reiciendis saepe qui aut. Asperiores neque tempora autem reiciendis eos.','1991-08-16 23:23:44'),
('38','38','Et aut qui dolor quia eos amet. Labore id sed quia amet veritatis. Soluta repellendus quae veniam exercitationem sit ad rerum.','1982-09-25 02:36:19'),
('39','39','Porro vitae non nulla ut incidunt eaque rerum repellendus. Error aut labore odio dolores aut nam. Ex quisquam fuga dolor velit hic earum.','2014-05-01 02:07:51'),
('40','40','Voluptatem voluptas unde dolore temporibus ut ipsum. Qui possimus odio aut natus voluptates voluptatum. Est vel aperiam ratione qui officiis. Ullam magni enim voluptatum dolore expedita.','1993-01-17 03:04:36'),
('41','41','Consectetur aut nihil illum corporis nobis iste debitis velit. Sint tenetur architecto eius animi. Unde quibusdam inventore laudantium necessitatibus. Sunt in voluptates et nulla qui.','1993-10-06 21:25:02'),
('42','42','Atque qui eum illum culpa amet ea. Ut mollitia accusantium sequi provident. Reprehenderit vel impedit ad omnis aliquam nesciunt explicabo.','1981-01-13 13:15:08'),
('43','43','Animi qui fugit vel dolore maxime. Ut numquam aut rerum placeat accusantium. Quibusdam reiciendis magni cupiditate architecto quo. Eaque neque aut dolorum error.','1986-05-29 05:01:54'),
('44','44','Facere et alias ipsa omnis quo. Vitae rerum et sit eos. Aut nostrum qui ea facere. Possimus et qui doloremque. A nisi molestias voluptatem repudiandae porro et.','1998-12-15 23:28:46'),
('45','45','Rerum alias sed ab voluptates molestiae. Cumque et velit adipisci quo. Provident aperiam a natus aut et. Reprehenderit qui amet assumenda.','2001-04-21 05:35:12'),
('46','46','Modi in neque illum. Qui sint doloribus ea sed ducimus similique odio. In velit dolor magni sed et ipsam dolor.','1985-04-28 23:41:55'),
('47','47','Aperiam autem commodi iure autem. Blanditiis debitis velit consequatur. Perferendis enim nulla est deserunt fugiat eos natus. Velit ipsa accusamus quaerat iusto consequatur quia.','2009-10-10 08:59:23'),
('48','48','At sit fugit at eaque facilis. Reprehenderit reiciendis magni tempora qui recusandae consectetur. Vel aperiam ut doloribus placeat qui. Quo accusamus recusandae veritatis saepe.','1988-10-26 02:18:55'),
('49','49','Aliquid omnis sequi sed eos quia. Consequatur impedit consequuntur aspernatur ducimus ut sed aspernatur. Omnis necessitatibus alias ut aut.','1996-05-12 15:20:44'),
('50','50','Recusandae eum maxime ducimus officiis optio repellendus aspernatur nulla. Doloremque in reprehenderit sit qui corrupti praesentium eum. Voluptas voluptatem voluptate ut tempore provident hic ad. Quia consequuntur magnam est occaecati repellat ut.','1997-12-04 19:15:53'),
('51','51','Doloremque voluptatum fuga ipsa non blanditiis. Commodi sit nesciunt est dolor expedita non. Tempore eos unde et fugit non.','1996-05-05 20:40:27'),
('52','52','Ad autem ex aliquid. Veritatis tempora accusantium fugit corrupti. Veritatis sed fugit corporis rerum et culpa.','1992-10-29 14:25:48'),
('53','53','Beatae atque omnis quia sit odio. Dolor omnis est et quisquam. Vel vero numquam harum ut amet. Animi facilis rerum aut a consequatur occaecati reprehenderit.','1989-10-04 05:10:33'),
('54','54','Qui dolore ut iusto cum ut labore beatae sit. Cumque quisquam qui doloribus magnam facilis. Facilis est non reprehenderit qui veritatis.','1979-09-07 16:59:05'),
('55','55','Dolorum iste dicta et facilis quos. Consequatur fuga dicta error voluptatem quas voluptate. Modi minima recusandae architecto eaque. Soluta ut porro veritatis iste perferendis itaque nostrum.','1978-03-29 15:55:25'),
('56','56','Vel ut harum doloremque in. Et id consectetur veritatis sapiente. Autem ut delectus et. Aut delectus nemo dolor repudiandae sapiente.','1974-01-05 02:20:50'),
('57','57','Suscipit nam iste rem eum voluptas consectetur eos quas. Ipsa dignissimos quia ipsum libero quo expedita at commodi. Nulla et ut maiores expedita laborum non. Atque iusto alias eveniet repellat ratione et.','1987-01-22 06:14:17'),
('58','58','Delectus debitis distinctio consequatur. Similique culpa rerum quas eos culpa.','1988-12-29 01:37:55'),
('59','59','Sit quis est velit adipisci numquam. Repudiandae voluptatem quae sapiente pariatur et. Sit a explicabo quisquam voluptas vitae voluptas eum.','2011-05-24 07:59:03'),
('60','60','Qui qui possimus omnis quae. Et eum qui autem. Minima voluptatem a tenetur corporis odit sint et quis.','2012-12-06 17:09:31'),
('61','61','Non ipsa omnis sapiente et dolore ducimus ut. Consectetur ut in in quo. Minima temporibus minus debitis laboriosam assumenda voluptas. Dicta nesciunt ut numquam.','1993-03-22 06:06:05'),
('62','62','Laudantium aperiam ut aut voluptates. Dolore voluptas nobis quis et est eum non vero. Possimus suscipit excepturi atque at illum pariatur. Et cupiditate illo eos et.','2006-12-20 09:28:52'),
('63','63','Qui quod ut dolores enim in laboriosam dolor. Dolorum maxime eaque et nobis. Delectus totam cum atque quo necessitatibus. Itaque ut eos est.','1981-07-21 12:04:30'),
('64','64','Veniam velit laboriosam numquam quibusdam dolorem et aut. Architecto qui et autem eum. Non voluptate porro id itaque. Sapiente dicta accusantium voluptatem tenetur mollitia voluptates.','1996-04-15 04:59:40'),
('65','65','Voluptate fugit et ex quidem quia qui dignissimos ex. Nulla ab animi nesciunt eius quidem deleniti.','2013-08-23 08:47:44'),
('66','66','Suscipit sed et possimus sunt iste ratione odio. Quam nihil autem ea accusamus et ut. Recusandae nemo occaecati magni consectetur.','1990-05-13 23:00:13'),
('67','67','Unde labore consequatur laboriosam debitis deleniti. A assumenda ad laborum quae deleniti. Sed voluptas voluptas sint quidem.','2007-06-14 11:54:33'),
('68','68','Autem repellat tempore qui. Repellendus fuga quisquam odit minus vitae maiores. Odio libero et enim velit. Id culpa veritatis corporis qui quia at reprehenderit. Eligendi est rerum iure rem harum sint reiciendis.','1986-08-22 07:22:46'),
('69','69','Quasi debitis quis dolores qui rerum quia. Corporis sequi laborum est accusamus expedita beatae. Facere blanditiis accusamus tempora harum consequatur porro omnis quia.','2012-05-05 02:43:56'),
('70','70','Aut enim ipsum est repellendus optio. Fugit qui repellat pariatur magnam consectetur omnis.','1989-06-05 01:54:27'),
('71','71','Laboriosam ipsum quia a cumque ut quia aliquam nostrum. Eligendi officiis minima mollitia facilis rerum aperiam. Minus et est culpa deserunt quas.','2013-12-29 20:22:45'),
('72','72','Eum facere quis adipisci. Alias occaecati ut ut est. Quam eveniet et corrupti est.','2009-03-12 11:41:58'),
('73','73','Et dolor ad fuga ipsam ullam ut facere. Ab doloremque sit doloremque error vitae maxime voluptatem. Quam eum et sequi repellat consequatur.','1977-12-11 20:18:20'),
('74','74','Enim dolore aut cum velit. Maxime eum voluptas quia harum autem et. Repellat ut dolor natus.','1990-08-11 08:15:45'),
('75','75','Omnis nulla repellendus quod repellat architecto provident perspiciatis aut. Molestiae corporis quibusdam dolor nisi aut ad minima.','2002-03-13 09:17:53'),
('76','76','Est natus esse recusandae sit nulla. Quia non quibusdam aut enim. In nemo aut vel omnis dolore cumque ea et. Voluptatum doloribus totam amet numquam.','1976-10-09 13:14:55'),
('77','77','Accusantium eius dolores fugiat quidem sunt iste harum. Totam quia dolorum nulla est odio laboriosam. Dolorem ut laudantium similique temporibus est deserunt sint. Dolorem consequatur quis facilis vel error ut.','1983-08-24 17:15:30'),
('78','78','Optio dolor nemo ut provident aspernatur ipsam rerum reprehenderit. Distinctio laudantium excepturi dolorem nobis blanditiis facilis. Nihil modi aut non molestiae corporis.','1988-04-15 18:09:18'),
('79','79','Molestiae non hic a animi veritatis. Magni quibusdam vero libero ut.','1993-06-16 02:33:05'),
('80','80','Quia itaque labore corrupti. Dolore dolore ipsum ex atque non. Atque qui illum est voluptatum dicta neque illum repellendus.','1993-07-12 02:20:08'),
('81','81','Quisquam perferendis temporibus praesentium non ipsa et minima. Similique voluptatem nihil sint voluptas ut perspiciatis.','1995-03-19 20:04:52'),
('82','82','Ut molestias distinctio aut asperiores est assumenda et. Labore ea sit voluptatem delectus. Minima fuga sunt quas tempora minima.','1993-03-26 19:58:47'),
('83','83','Aut harum deserunt voluptas maiores eius. Excepturi aliquam quo et et. Dolor autem deserunt libero ut id similique ex.','1986-11-13 19:50:31'),
('84','84','Dignissimos eos iure modi sit dolorem aut velit. Esse temporibus sit ipsam dignissimos. Aut facere dolorum minima ratione laudantium labore voluptatem necessitatibus.','2015-12-13 13:01:30'),
('85','85','Dolorum qui iusto possimus eligendi et architecto enim fugit. In corporis sit dolores.','2016-08-18 20:51:06'),
('86','86','Dolores harum corrupti quis nihil soluta dolor asperiores. Odit sed nam est dolor. Aspernatur consequatur inventore in earum id. Et adipisci tempore et quasi. Facilis odit molestiae voluptatum omnis.','1971-07-09 18:59:57'),
('87','87','Ea est qui ad consectetur quia quia fuga. Nulla id libero excepturi qui nihil aut. Enim et consectetur occaecati numquam incidunt exercitationem sed. Necessitatibus veniam animi nisi pariatur.','1989-07-17 13:35:20'),
('88','88','Laborum voluptatem deleniti dicta deleniti. Possimus aliquam quo blanditiis. Cupiditate reprehenderit rem soluta non provident nesciunt.','2018-11-21 22:40:48'),
('89','89','Aut illum facere hic optio. Necessitatibus sunt blanditiis rerum qui quidem quis. Molestiae nihil tempore ut sed non dolores est enim. Necessitatibus nostrum commodi quas corrupti earum est error.','1999-02-21 04:27:20'),
('90','90','Quo ipsam laboriosam quasi. Velit nulla beatae aut alias voluptatem. Est dolore deleniti ea aliquid et optio voluptate consequuntur.','1971-03-02 13:37:00'),
('91','91','Est nobis sed dignissimos ratione at deserunt sed. Rem natus deleniti enim omnis laudantium. Quia quisquam odio voluptas ipsam perferendis.','2000-06-11 23:48:58'),
('92','92','Vitae temporibus cum esse veritatis voluptas ipsum porro iste. Omnis odit omnis velit perspiciatis odit ea. Iste harum molestiae modi aperiam sed nisi. Odio sit et ea nam consequuntur.','1988-11-14 02:52:01'),
('93','93','Delectus omnis consequuntur eum autem asperiores saepe unde. Non voluptas earum delectus. Dolores quo odio eveniet. Alias aperiam ut architecto sit repellendus.','1970-12-06 18:25:02'),
('94','94','Laborum quidem vel saepe non nisi sit perferendis. Aliquam aspernatur facere officiis necessitatibus voluptas fugit. Illum pariatur nihil ipsum vero in esse dolores. Delectus omnis vero ut voluptatem non sint.','1991-10-22 22:17:56'),
('95','95','Unde aut sunt ut explicabo porro est delectus. Sequi quae nihil quo. Non perspiciatis omnis sequi.','1980-05-17 16:41:38'),
('96','96','Sed et itaque neque id autem aut ipsum. Esse totam repellat doloribus ut excepturi.','2013-10-07 03:55:54'),
('97','97','Dignissimos est sint possimus reiciendis. Ea officiis quo sunt. Deserunt et vel consequatur. Aliquid modi minus voluptas.','2001-11-10 02:57:40'),
('98','98','Esse sint ut aut asperiores aliquid. Inventore est distinctio odio soluta. Quos minima aliquam eum ea facere. Qui maxime officiis est sunt atque. Et id voluptatum est velit dolor rerum dolore.','1973-06-22 11:22:40'),
('99','99','Commodi assumenda expedita eaque dolore rem qui. Et possimus vero ad quos tempore ut. Libero quia sit non distinctio nesciunt debitis. Deleniti omnis error numquam et quam.','2006-10-10 14:55:44'),
('100','100','Ex necessitatibus velit culpa ut. Eum beatae officia soluta fuga error corrupti. Aut odit quia autem cumque perferendis nisi. Cum quo voluptates ut omnis amet et ea.','1990-07-24 13:16:15'); 


DROP TABLE IF EXISTS `posts`;
CREATE TABLE `posts` (
  `id` bigint(20) unsigned NOT NULL AUTO_INCREMENT,
  `user_id` bigint(20) unsigned NOT NULL,
  `body` text COLLATE utf8_unicode_ci DEFAULT NULL,
  `created_at` datetime DEFAULT current_timestamp(),
  `updated_at` datetime DEFAULT NULL,
  PRIMARY KEY (`id`),
  KEY `user_id` (`user_id`),
  CONSTRAINT `posts_ibfk_1` FOREIGN KEY (`user_id`) REFERENCES `users` (`id`)
) ENGINE=InnoDB AUTO_INCREMENT=101 DEFAULT CHARSET=utf8 COLLATE=utf8_unicode_ci;

INSERT INTO `posts` VALUES ('1','1','Vel ipsam necessitatibus consectetur tempora culpa consequatur. Quia placeat officia et quam aut incidunt amet. Sapiente quod similique sed eum repellendus pariatur. Et qui quam mollitia dolorem minima alias itaque.','2017-10-25 22:23:02','2017-12-06 09:07:41'),
('2','2','Aperiam ab ab nesciunt similique. Voluptatem et modi maxime eveniet distinctio.','2010-03-19 04:03:37','1994-08-20 09:50:19'),
('3','3','Vel earum deserunt doloribus delectus natus et aliquam. Ipsum impedit commodi voluptate quis magni praesentium. Id maxime deleniti dolor cumque et ratione.','1973-07-17 03:19:09','2014-03-11 15:24:18'),
('4','4','Non ad perspiciatis eum. Praesentium aliquid iure labore dolores temporibus est. Sunt inventore blanditiis natus doloremque consequatur at veritatis.','2012-12-11 10:45:56','1998-05-12 04:08:28'),
('5','5','Sed explicabo voluptas quia suscipit molestias voluptas. Facere nobis debitis distinctio et aut accusamus. Laboriosam consequatur doloremque in. Ipsum est atque vitae odit id.','2010-09-22 11:10:08','2018-10-11 01:28:56'),
('6','6','Neque eum id natus soluta. Quidem velit repudiandae veniam. Quae assumenda nihil laudantium. Saepe necessitatibus qui consequuntur voluptatem.','1996-02-22 19:22:06','1986-12-27 12:21:19'),
('7','7','Adipisci accusamus qui ut quae quos accusantium assumenda. Corrupti rerum non dicta quia. Animi aut est velit sed.','2002-10-09 01:26:21','2017-09-11 19:43:07'),
('8','8','Recusandae consequatur sint voluptas officia qui. Alias voluptatem eligendi natus veritatis ducimus. Dolore quia necessitatibus quia et est.','2005-04-28 13:23:01','1986-02-02 02:45:16'),
('9','9','Accusantium porro fugiat ducimus dicta. Officia cupiditate sed repudiandae. Ut distinctio rem voluptatibus molestiae harum voluptatem. Laborum iste aut quibusdam aut vitae voluptate voluptate. Quod nulla qui perferendis similique.','2016-10-12 19:32:03','2008-08-22 03:03:55'),
('10','10','Officia consectetur voluptate eos quia consequuntur. Dolorum qui occaecati quos debitis repellat sint explicabo sint. Eligendi quod voluptas soluta veniam delectus et.','1991-12-19 19:43:23','2008-10-09 02:09:05'),
('11','11','Et rerum voluptatem qui distinctio sit a consectetur. Dolor cupiditate at dolores ut ea dolor neque velit. Velit consequatur consequatur ea ipsam nihil vero.','1988-09-02 13:14:52','2017-05-14 13:01:52'),
('12','12','Dicta ducimus perferendis sapiente exercitationem. Voluptatem excepturi explicabo architecto aut eius officia quia. Facilis corrupti aliquam dolore beatae sed aut. Qui et est qui dignissimos.','2009-10-19 23:09:07','1978-08-24 10:46:11'),
('13','13','Velit possimus culpa et tenetur quae. Qui recusandae quos non inventore blanditiis non aut. Veritatis rerum velit incidunt atque aut.','1982-10-05 06:43:18','1988-11-30 16:18:22'),
('14','14','Voluptatem aliquid qui dolorem quia illum voluptate. Modi alias fugit delectus cumque eligendi rerum quos. Natus reprehenderit minima aliquid aliquid quidem adipisci.','2000-08-09 08:17:26','2006-08-09 03:02:21'),
('15','15','Non omnis ipsam hic consectetur non et ut. Et fuga rerum quia nostrum modi. Non quia sed rerum et adipisci. Architecto deserunt numquam commodi aut qui cupiditate odio.','2004-07-15 21:35:02','2012-07-19 01:51:22'),
('16','16','Sint quibusdam ut tenetur laboriosam eos. Aut ipsa nesciunt quo accusamus et iste quaerat molestias. Iusto molestiae autem quisquam ea.','1986-10-21 23:26:33','1993-03-29 14:50:02'),
('17','17','Repellendus distinctio ut saepe minima. Ipsa dolores magni ipsam enim. Possimus aut facere et ipsum in corrupti fugiat.','1991-04-29 01:51:52','1970-09-20 06:30:55'),
('18','18','Eligendi hic itaque nostrum autem et. Officiis dolore deleniti ipsa ut et ut. Ea enim esse voluptatibus quod omnis saepe aperiam. Et autem quod ipsam exercitationem magni omnis omnis.','1977-05-27 11:55:13','2015-03-20 09:06:05'),
('19','19','Cum illo iusto autem ullam quis unde. Beatae possimus aut sapiente et vel rem quibusdam ad. Vel veniam eligendi qui occaecati fugit.','1979-04-07 01:03:33','2011-01-12 17:53:31'),
('20','20','Dicta molestias provident itaque. Fugiat in autem eligendi dignissimos.','1972-01-30 10:12:52','1996-06-30 17:10:59'),
('21','21','Molestias consectetur earum facere quam eaque odit similique quia. Expedita a consequatur nihil voluptatem est dolore. Nihil dicta illum corrupti consequuntur perferendis. Nobis ipsa neque at et magni voluptas.','1995-11-29 20:31:21','2016-02-25 09:17:21'),
('22','22','Voluptas debitis aspernatur et ipsam omnis. Ad consectetur et dicta dolor voluptatem est. Reprehenderit laudantium pariatur id aut praesentium. Voluptatem amet vel assumenda odit voluptatum non. Doloremque id ullam architecto voluptatem.','1978-01-10 19:24:04','2006-06-06 12:26:03'),
('23','23','Aut veritatis porro omnis maiores vitae est voluptatem est. Qui sequi et consequatur amet eveniet. Aperiam aliquam aperiam nihil dolorem sint consectetur.','1986-07-23 03:08:31','1993-03-31 17:36:04'),
('24','24','Aspernatur quia sed culpa nobis omnis. Amet debitis sed soluta cupiditate tenetur. Voluptatibus explicabo vitae aut nam.','1984-07-14 13:33:15','1986-12-15 07:13:06'),
('25','25','Optio minima soluta ex et a. Maxime qui laudantium et et. Consequatur ea aperiam eaque aut.','1972-10-15 03:01:14','1980-04-30 07:11:00'),
('26','26','Qui distinctio animi qui ut et dolores non. Deleniti quia aliquam nobis similique aliquam ducimus. Quasi soluta voluptates ut aliquid. Vel eum saepe sed sequi eveniet.','1983-07-11 18:01:54','1971-08-08 07:22:41'),
('27','27','Sed dignissimos itaque quibusdam qui harum. In occaecati incidunt vel numquam dolorem.','1990-01-27 10:21:23','2007-12-17 16:35:03'),
('28','28','Sit qui molestiae ipsam cum earum molestias. Dolores nobis totam est laboriosam. Eveniet qui magnam earum doloribus velit rerum. Autem velit officiis ut et.','2013-05-27 04:43:55','1982-07-16 07:28:58'),
('29','29','Cumque saepe quaerat qui similique explicabo. Sed dolores quae et sit vel molestiae ut. Ipsum earum voluptatem aliquid voluptas debitis voluptatem. Unde delectus in et unde possimus porro ipsum.','1999-09-27 01:23:27','2002-05-16 23:33:08'),
('30','30','Qui ut quas tempore id est rerum. Sunt exercitationem eos consequatur a. Doloribus illo quae voluptas nemo. Eum aut ratione non vero aut ratione.','1991-08-24 17:45:05','1982-08-22 11:39:56'),
('31','31','Est quibusdam eaque quaerat esse hic enim optio. Corporis et voluptas cumque quidem. Sint quae aut ipsam. Aut qui occaecati et quo deserunt et dolorum.','2011-11-03 02:17:58','1983-03-18 11:25:18'),
('32','32','Dicta ab sunt suscipit quae. Officia aliquam quam iure soluta vel quia dolor. Sed suscipit corporis est voluptas.','1986-05-17 20:21:14','1982-03-31 18:58:48'),
('33','33','Consequatur alias consequatur et harum aliquid minus. Velit dolorem dicta in placeat non qui. Deserunt aut et molestias earum assumenda iste. Ullam quia optio aspernatur non nisi. Et earum vel voluptatum perspiciatis.','2005-01-02 02:56:33','1979-02-21 03:57:46'),
('34','34','Qui iste excepturi molestiae voluptatibus ut molestiae. Et quos aspernatur dicta. Nihil debitis explicabo voluptatem sunt consequatur.','1978-09-06 21:57:13','1990-05-20 14:39:49'),
('35','35','Dolor et inventore voluptas. Aut aut ut sint qui veniam. Debitis molestias provident quia ratione qui soluta et. Cumque dolorem hic est consectetur.','2018-10-13 16:04:28','1976-03-31 09:56:41'),
('36','36','Nihil ipsa hic saepe optio est doloremque in mollitia. Molestiae consequatur iure voluptas voluptatibus. Soluta animi placeat corrupti modi. Sit velit ratione perferendis et ducimus commodi. Eum tempore ut amet dolor repudiandae.','1988-04-18 12:27:26','1989-08-07 09:24:07'),
('37','37','Nam maxime maxime cupiditate et delectus reprehenderit. Iste accusamus earum id omnis ipsum modi. Et laudantium magnam qui.','1989-05-21 22:14:03','2018-01-13 01:51:00'),
('38','38','Est est nostrum aut reiciendis. Voluptas et distinctio laudantium modi fugit. Maxime ducimus et officia sed itaque tenetur.','2002-03-09 15:03:24','2011-11-28 10:30:57'),
('39','39','Cumque minima non qui. Modi fugit quas laborum eum doloribus consequuntur saepe eaque. Necessitatibus nam voluptatem ullam. Excepturi perferendis non autem.','2018-10-20 09:59:25','2009-03-07 23:32:21'),
('40','40','Ut libero et eius odio sit omnis possimus. Iusto a ut veritatis veniam fugiat. Fugiat enim sunt perspiciatis. Ratione distinctio vero quos in corporis sunt assumenda.','1985-12-26 12:57:26','1977-01-20 10:50:20'),
('41','41','Maxime quod necessitatibus maiores aperiam est. Cum qui sed non aut. Eveniet architecto libero ea dignissimos.','1997-05-03 22:20:22','2006-11-15 15:21:37'),
('42','42','Beatae similique at similique quia adipisci. Consequatur aut et porro doloremque incidunt in explicabo. Repudiandae beatae dolores velit nisi soluta placeat exercitationem. Impedit odit officiis earum consequuntur sint amet. Blanditiis facilis mollitia eveniet odit labore itaque.','2015-06-03 13:16:01','1992-03-17 04:56:05'),
('43','43','Et rerum ullam reprehenderit. Quia omnis non temporibus corporis qui. Temporibus id ut eligendi sit aliquid.','2009-03-30 01:35:14','2015-05-15 14:08:26'),
('44','44','Numquam aut autem molestiae nesciunt sed tenetur. Repellat deleniti magnam fuga voluptates tenetur delectus. Qui sint quisquam qui odit nihil eos sequi commodi.','1970-04-26 23:49:18','1990-10-03 19:12:48'),
('45','45','Enim expedita ad sequi et. Accusantium debitis ab quis debitis doloremque. Neque porro voluptatem aperiam ut eligendi quam quibusdam qui.','1993-02-03 04:46:06','1984-08-23 05:38:18'),
('46','46','Explicabo libero culpa ea. A fuga optio est quia ut aperiam quo non. Officia rem harum quam non id harum quas. Laborum sed beatae accusantium voluptatem nobis. Doloribus sit molestiae recusandae recusandae quaerat tempore.','1990-01-31 11:24:34','2017-10-07 12:38:46'),
('47','47','Et ipsam quo id placeat. Et in quo voluptatem libero aperiam quis praesentium. Corporis in veritatis exercitationem minima. Aut id atque fuga deleniti voluptas enim officia reiciendis.','1978-05-07 12:20:51','2018-12-04 04:41:09'),
('48','48','Est fugiat nam reiciendis. Facilis voluptatem magnam commodi consequatur aut. Enim nam commodi qui ratione ut.','2019-02-01 04:16:04','1996-09-27 11:51:39'),
('49','49','Est molestiae molestiae fuga itaque soluta saepe doloribus quo. Rem eveniet quaerat sequi sint. Perspiciatis fugit ut excepturi et. Ad eum est error nobis.','2004-08-06 20:12:45','1991-01-10 23:46:56'),
('50','50','Libero modi sit repellendus officia quia natus. Cupiditate voluptates non eligendi ut. Eos nihil itaque error accusantium ex. Praesentium et consequatur delectus quam recusandae dolorem.','1997-01-31 08:43:58','2017-08-10 21:22:22'),
('51','51','Possimus non assumenda voluptatem enim. Voluptate consequatur laboriosam nisi expedita. Nam soluta ipsa velit est totam consequatur aut aliquam. Modi iure et itaque quidem et quia.','1998-09-06 12:48:20','1978-03-08 20:17:41'),
('52','52','Illo reiciendis sequi consequatur omnis asperiores laboriosam et. Facere sit enim dignissimos non non quia. Hic voluptas explicabo molestiae ad.','2007-07-23 15:06:21','1980-02-14 09:29:28'),
('53','53','Molestiae incidunt beatae nihil facilis fugit occaecati eum. Sit animi eos est voluptatum eos quia temporibus. Provident a omnis temporibus.','1993-07-30 17:11:25','2017-07-02 18:07:54'),
('54','54','Maxime delectus velit quis est facere fugiat officia asperiores. Exercitationem et corporis minima illum minus sed repellendus sed. Nobis fugiat et rem perspiciatis ut. Amet distinctio culpa est iure eligendi consectetur tempore odit. Odio suscipit unde commodi et aperiam eum.','1995-09-09 21:14:12','1986-11-10 07:52:25'),
('55','55','Est numquam et illum vel voluptatibus natus necessitatibus. Quia excepturi reiciendis et ut a aut. Facere sapiente eos omnis aut et.','1995-01-21 02:20:03','1971-12-18 05:26:23'),
('56','56','Consectetur nemo iusto sed saepe quia voluptas a. Laborum dolorem quaerat quidem praesentium aut ad eum. Voluptas quia voluptatum cum culpa architecto eveniet. Culpa consectetur suscipit ipsam dolorem quos.','2018-12-07 06:09:44','1988-11-11 13:06:26'),
('57','57','Sapiente placeat hic omnis vitae. Mollitia quia facilis amet quia. Amet expedita possimus aut perferendis.','1999-03-12 14:50:35','1980-10-19 15:19:43'),
('58','58','Enim eos enim tempore. Porro sit sed consequatur excepturi in id.','1973-04-03 14:20:27','1980-03-21 06:42:03'),
('59','59','Dolor aut magnam dolor ut repudiandae tempore. Ut dolorem incidunt voluptatem et itaque quae omnis. Unde hic quo praesentium at cumque eius.','2009-05-25 17:00:46','1995-05-02 20:20:38'),
('60','60','Maxime vitae rerum molestias soluta eum fuga quos. Ratione deserunt facilis molestiae perspiciatis exercitationem laudantium. Consectetur quae porro voluptas. Rem excepturi vel impedit provident. Sunt dolorem sit et reiciendis recusandae omnis.','1973-06-14 19:59:43','1990-11-18 12:08:45'),
('61','61','Amet eius est facere quo rerum fugiat velit. Ut eligendi sint voluptatem aliquam quibusdam vero officia tenetur. Aliquid sit dolorum reprehenderit animi et voluptatum et.','1973-10-15 12:26:03','2005-06-08 19:13:44'),
('62','62','Omnis sed ducimus et sed dolor fugit dolor. Reprehenderit exercitationem sed est dolorem aut sed. Aut rerum tempore aut possimus.','2003-05-03 14:37:34','1981-08-15 23:27:24'),
('63','63','Reprehenderit sed nostrum ea velit ducimus ipsa illum. Eos qui molestiae tempore placeat.','1981-08-13 15:46:09','2008-11-25 09:36:05'),
('64','64','Sunt perspiciatis voluptas maxime voluptatem sapiente. Voluptas error porro aut ut nihil molestiae id. Cupiditate accusantium nihil praesentium quia qui. Occaecati rerum aliquam nisi minima.','2020-04-30 15:37:22','1994-11-14 00:40:04'),
('65','65','Enim illum debitis qui nihil et ut. Architecto illo autem qui sint ipsa quis rerum. Exercitationem qui illo ipsa. Et nihil quod molestiae.','2014-04-03 04:45:40','2007-12-12 07:39:39'),
('66','66','Sed quasi similique autem est dolorem nam. Sed ut est odit dignissimos dicta mollitia occaecati rerum. Iure vel excepturi est. Dignissimos omnis praesentium atque sed beatae. Est aut cumque in numquam.','2002-04-24 17:13:22','1984-03-22 20:11:50'),
('67','67','Voluptatem odio placeat aut tempora. Ut inventore enim similique consectetur unde facere architecto consectetur. Deleniti consequuntur voluptate est consequuntur consequatur quo. Odio qui corrupti natus velit. Enim ullam cum enim earum voluptatem quis enim non.','1995-05-05 11:17:35','2014-11-10 18:09:43'),
('68','68','Magni dolorem consequuntur explicabo sunt sint delectus. Et molestiae incidunt et quas voluptatem.','1977-06-13 21:50:12','2001-06-03 20:22:07'),
('69','69','Excepturi perferendis perferendis repellendus dolorem facere odio. Nihil quae officia ex voluptatem libero. Voluptas qui repellat at sed. Ut fugiat et quis.','2009-12-28 10:37:37','1994-07-25 03:46:58'),
('70','70','Eveniet officia voluptatibus debitis non. Illum laborum eveniet iste praesentium. Accusamus eum nobis sed et aperiam qui qui.','1984-01-15 06:01:37','1983-09-28 03:36:05'),
('71','71','Natus aut ut officiis voluptates recusandae voluptatem. Vel vel et eos qui culpa molestiae unde. Eligendi aperiam temporibus doloremque et assumenda error voluptatem. Perferendis rem non quia et ipsa.','1994-11-23 23:54:36','1987-07-20 08:28:05'),
('72','72','Aliquam est ad ut necessitatibus molestiae provident. Dolores eum illo iusto et debitis explicabo incidunt aliquid. Quidem id ut aut quis necessitatibus. Dolorem voluptas vitae quia qui nisi atque beatae.','1982-09-20 02:59:31','1989-03-24 20:54:33'),
('73','73','Soluta cupiditate esse molestias assumenda. Aut excepturi rerum nisi veniam sunt aut. Adipisci praesentium illo culpa animi laboriosam nesciunt. Totam maxime fugiat ea iusto.','2008-06-04 13:50:19','2007-02-27 01:33:52'),
('74','74','Non excepturi dignissimos nobis molestiae qui recusandae. Aut quis fugiat hic tempora voluptatum. Nam facilis amet tenetur quas in. Nihil ut sed velit error impedit enim id.','1980-09-20 19:10:17','1987-09-08 14:13:32'),
('75','75','Illo dicta quia enim et non et suscipit. Voluptatem rerum ratione ab et consequatur tempora. Fugiat corrupti voluptatem labore perferendis consequatur et vero. Voluptas labore quia mollitia praesentium.','1973-04-18 11:15:09','1984-01-13 03:50:28'),
('76','76','Qui consequatur adipisci unde est. Cupiditate dolor soluta amet eligendi eum. Aut voluptate et cupiditate deleniti accusantium omnis.','1984-11-18 12:11:52','1976-05-19 12:57:19'),
('77','77','Itaque qui ut autem exercitationem pariatur. Id quos dolore in sit est sed.','2004-02-09 23:23:26','1973-09-19 12:56:58'),
('78','78','Et nihil voluptatem suscipit molestias iusto quod. Animi minima quaerat voluptatem qui quam. Ad suscipit enim et esse laudantium consequatur. Est incidunt qui natus id consequuntur sint rerum.','1980-02-26 07:46:17','2007-07-29 00:17:35'),
('79','79','Voluptatem consectetur architecto omnis voluptates rem. Recusandae mollitia quis voluptates error tempora qui. Omnis alias dolor sunt repudiandae ab sint aspernatur. Aspernatur minima ad est aut facilis.','1992-01-23 01:40:15','2013-09-25 18:06:03'),
('80','80','Consectetur magnam assumenda in ipsa. Eos quas delectus et non veniam. Ut dolorem laboriosam voluptas est impedit in. Ut quo nemo iure doloribus et delectus.','2014-05-04 19:15:07','2003-01-25 05:32:08'),
('81','81','Sed illo consequatur quisquam minus minima quasi. Ullam atque magnam ad cupiditate. Tenetur et sint est accusamus velit similique. Ad omnis rerum veritatis dolore neque.','1998-11-03 14:14:41','1992-11-20 09:20:14'),
('82','82','Et repellat eum quisquam. Et rerum facilis aut libero.','1972-12-31 05:18:40','2007-02-11 03:56:56'),
('83','83','Ut maxime sunt eveniet architecto repellendus repellat minus minima. Dolor animi fuga eum et voluptatem. Voluptate rem facilis expedita sint odit adipisci.','2009-03-07 16:49:44','1984-11-28 00:09:41'),
('84','84','Magni quia ea quam necessitatibus facilis deleniti ipsum. Ullam et nisi sequi animi eveniet. Cupiditate ut quae molestiae dolorem consequatur consequatur commodi.','2017-10-27 09:44:34','1994-04-02 03:03:02'),
('85','85','Esse iusto vitae repellat ut aut dolores in. Rem nulla explicabo et harum. Ut est odio ex et.','2010-07-24 12:22:33','1972-03-16 10:08:17'),
('86','86','Est vero veniam ut sapiente. Sed qui quidem autem ex quo illum. Enim voluptatem qui est reprehenderit commodi omnis.','2013-12-09 12:35:38','2004-08-16 04:07:45'),
('87','87','Velit libero esse quo ut consectetur. Voluptatem voluptatum dolorem unde harum hic voluptatem. Cupiditate dolores a aut ut et debitis voluptas velit.','1985-02-05 07:37:06','2014-05-31 21:55:08'),
('88','88','Debitis magnam eius ipsa ad cupiditate aut. In possimus nihil ab sed adipisci. Explicabo possimus quo quia.','1972-05-03 14:42:08','2019-05-13 20:12:00'),
('89','89','Tenetur et in saepe nisi perspiciatis ut. Cupiditate sint quia minus adipisci eaque asperiores voluptatem.','2005-12-23 23:54:39','1993-01-20 18:13:57'),
('90','90','Sit sint eaque quis dolore. Hic quibusdam ipsa praesentium et accusantium deserunt porro. Optio sit quod numquam quo ex aut.','1989-12-02 01:23:22','1981-09-04 00:44:09'),
('91','91','Corrupti illum fugit explicabo est. Est nihil maxime neque neque. Reprehenderit et quia est eligendi ducimus veniam modi et. Aut architecto dicta repudiandae voluptatem voluptatem fugit.','2006-04-04 06:56:17','1974-12-23 18:38:17'),
('92','92','Impedit fugit pariatur explicabo veritatis eos. Aut quo tempora reprehenderit deserunt voluptates sit. Praesentium sint et sed eum consectetur temporibus eum magnam.','1987-02-19 05:33:25','1977-09-03 15:32:10'),
('93','93','Voluptatem fuga dolorem placeat quis sed. Expedita sunt non in et quae quaerat. Excepturi molestiae doloribus vel magni. Sed dolor quod vel consectetur eveniet.','1988-10-14 17:28:54','1982-01-15 02:59:29'),
('94','94','Facilis ratione rerum aut similique cum quasi. Quo optio libero rem doloribus iusto. Vel enim aliquid iste voluptatem.','2000-10-05 19:17:31','1997-11-29 17:43:47'),
('95','95','Id deserunt quo officiis quia quos repudiandae. Id natus repudiandae in fuga reprehenderit illo facilis. Aliquam qui sint commodi.','1970-11-25 03:21:49','1980-09-29 08:16:17'),
('96','96','Asperiores consectetur et molestiae magnam quidem delectus reiciendis. Recusandae officia quia ut aspernatur quod. Voluptas consequatur velit nemo et illum dolorem. Quia quo dolore deleniti et.','2008-05-10 22:28:49','1971-11-19 18:55:01'),
('97','97','Quod asperiores nesciunt aut officiis laudantium. Qui officia illo id occaecati et fugiat. Est temporibus et et dolorem eum et ducimus eos.','2007-11-09 00:14:31','2010-07-06 07:07:27'),
('98','98','Nihil fugit velit tempora architecto qui. Aut autem sit nihil aspernatur qui. Unde magni in illo reiciendis rerum aliquam et.','2016-10-18 06:34:38','2000-05-13 20:16:47'),
('99','99','Reprehenderit quis expedita quia quibusdam fugit rerum veniam. Necessitatibus omnis dolores ipsum temporibus. Impedit nemo sed a. Aut impedit sint distinctio quod qui pariatur mollitia.','1971-08-29 02:06:59','1972-12-10 17:08:18'),
('100','100','Est voluptate aut qui consectetur culpa aliquam repudiandae. Quo deserunt sed voluptates et qui rerum laboriosam. Beatae nemo ipsum omnis fugit. Vitae velit et perferendis laborum sed omnis.','1985-12-20 22:43:53','2005-06-30 20:31:03'); 


DROP TABLE IF EXISTS `settings`;
CREATE TABLE `settings` (
  `user_id` bigint(20) unsigned NOT NULL AUTO_INCREMENT,
  `can_see` enum('all','friends_of_friends','friends') COLLATE utf8_unicode_ci DEFAULT NULL,
  `can_comment` enum('all','friends_of_friends','friends','nobody') COLLATE utf8_unicode_ci DEFAULT NULL,
  `can_message` enum('all','friends_of_friends','friends') COLLATE utf8_unicode_ci DEFAULT NULL,
  PRIMARY KEY (`user_id`),
  CONSTRAINT `settings_ibfk_1` FOREIGN KEY (`user_id`) REFERENCES `users` (`id`)
) ENGINE=InnoDB AUTO_INCREMENT=101 DEFAULT CHARSET=utf8 COLLATE=utf8_unicode_ci;

INSERT INTO `settings` VALUES ('1','friends_of_friends','friends','friends'),
('2','friends_of_friends','friends_of_friends','all'),
('3','friends','all','friends_of_friends'),
('4','all','friends_of_friends','friends_of_friends'),
('5','all','friends_of_friends','friends'),
('6','friends_of_friends','friends_of_friends','all'),
('7','all','friends_of_friends','friends'),
('8','friends_of_friends','friends','all'),
('9','friends_of_friends','nobody','all'),
('10','friends_of_friends','friends','friends'),
('11','friends','all','friends'),
('12','friends','friends','friends_of_friends'),
('13','friends','all','all'),
('14','friends_of_friends','friends_of_friends','friends_of_friends'),
('15','friends_of_friends','friends','friends_of_friends'),
('16','all','all','all'),
('17','friends','all','friends'),
('18','friends_of_friends','friends','all'),
('19','all','friends','friends_of_friends'),
('20','friends','nobody','friends_of_friends'),
('21','friends_of_friends','friends_of_friends','friends_of_friends'),
('22','friends','nobody','friends'),
('23','all','friends','friends'),
('24','friends_of_friends','friends_of_friends','friends'),
('25','all','friends_of_friends','friends'),
('26','all','friends_of_friends','friends'),
('27','friends','all','friends'),
('28','friends_of_friends','friends','all'),
('29','all','nobody','friends_of_friends'),
('30','all','friends','all'),
('31','friends','nobody','friends_of_friends'),
('32','all','nobody','friends_of_friends'),
('33','friends_of_friends','all','friends'),
('34','all','all','all'),
('35','all','all','friends_of_friends'),
('36','all','friends_of_friends','friends'),
('37','all','nobody','friends_of_friends'),
('38','all','nobody','friends'),
('39','friends','all','all'),
('40','friends','all','all'),
('41','friends','friends','friends'),
('42','all','friends','friends_of_friends'),
('43','friends_of_friends','nobody','friends_of_friends'),
('44','friends','all','all'),
('45','friends_of_friends','friends_of_friends','friends_of_friends'),
('46','friends_of_friends','friends_of_friends','all'),
('47','friends','friends_of_friends','friends_of_friends'),
('48','friends','all','friends'),
('49','all','nobody','friends'),
('50','friends','all','all'),
('51','friends_of_friends','friends','friends_of_friends'),
('52','all','nobody','all'),
('53','all','friends_of_friends','all'),
('54','friends','nobody','friends_of_friends'),
('55','friends','all','friends'),
('56','all','all','friends_of_friends'),
('57','friends','all','all'),
('58','friends','friends','all'),
('59','all','all','friends'),
('60','friends','nobody','all'),
('61','friends_of_friends','friends_of_friends','all'),
('62','all','friends_of_friends','friends_of_friends'),
('63','friends','friends_of_friends','friends_of_friends'),
('64','friends','all','all'),
('65','friends','friends_of_friends','friends'),
('66','friends_of_friends','friends_of_friends','friends_of_friends'),
('67','friends_of_friends','friends_of_friends','friends'),
('68','all','all','friends_of_friends'),
('69','all','friends','friends'),
('70','friends','nobody','friends'),
('71','friends','nobody','friends_of_friends'),
('72','all','nobody','friends_of_friends'),
('73','all','friends','friends_of_friends'),
('74','all','nobody','friends_of_friends'),
('75','friends','friends','friends'),
('76','all','all','all'),
('77','friends_of_friends','nobody','friends_of_friends'),
('78','friends','all','friends'),
('79','friends_of_friends','friends','friends_of_friends'),
('80','all','friends_of_friends','friends_of_friends'),
('81','all','all','friends_of_friends'),
('82','friends_of_friends','friends_of_friends','friends_of_friends'),
('83','friends_of_friends','all','friends'),
('84','friends','friends_of_friends','all'),
('85','friends_of_friends','friends','friends'),
('86','all','friends_of_friends','friends_of_friends'),
('87','friends','all','all'),
('88','friends','friends_of_friends','friends_of_friends'),
('89','friends','all','friends_of_friends'),
('90','friends','friends','friends_of_friends'),
('91','friends','friends_of_friends','friends'),
('92','friends_of_friends','friends','friends_of_friends'),
('93','all','all','friends'),
('94','friends_of_friends','friends','friends'),
('95','all','nobody','all'),
('96','friends_of_friends','all','friends'),
('97','friends_of_friends','friends_of_friends','all'),
('98','friends','nobody','friends'),
('99','all','friends_of_friends','friends'),
('100','friends_of_friends','friends_of_friends','all'); 


DROP TABLE IF EXISTS `users`;
CREATE TABLE `users` (
  `id` bigint(20) unsigned NOT NULL AUTO_INCREMENT,
  `email` varchar(150) COLLATE utf8_unicode_ci DEFAULT NULL,
  `pass` varchar(100) COLLATE utf8_unicode_ci DEFAULT NULL,
  `name` varchar(50) COLLATE utf8_unicode_ci DEFAULT NULL,
  `surname` varchar(50) COLLATE utf8_unicode_ci DEFAULT NULL,
  `phone` varchar(20) COLLATE utf8_unicode_ci DEFAULT NULL,
  `gender` char(1) COLLATE utf8_unicode_ci DEFAULT NULL,
  `birthday` date DEFAULT NULL,
  `hometown` varchar(100) COLLATE utf8_unicode_ci DEFAULT NULL,
  `photo_id` bigint(20) unsigned DEFAULT NULL,
  `created_at` datetime DEFAULT current_timestamp(),
  PRIMARY KEY (`id`),
  UNIQUE KEY `email` (`email`),
  KEY `phone` (`phone`),
  KEY `name` (`name`,`surname`)
) ENGINE=InnoDB AUTO_INCREMENT=101 DEFAULT CHARSET=utf8 COLLATE=utf8_unicode_ci;

INSERT INTO `users` VALUES ('1','fcasper@example.com','ba129481fe2eb4e063789a30c5ae894990d640a7','rem','aut','+02(9)4408961810',NULL,'1992-07-11','Lake Bud','4','2009-10-22 12:33:06'),
('2','xharber@example.org','f0ca6a7c9087741653e6299262486b17fa9bf31f','vero','fugit','1-576-396-2965',NULL,'2012-09-18','Ernserfort','0','1980-07-17 03:02:32'),
('3','melba.macejkovic@example.org','5799b90975f0b740da21a9be7c984818de0394ba','ipsam','accusamus','1-690-852-4455',NULL,'1980-11-17','Lake Benton','1','1970-12-05 20:32:00'),
('4','murphy.glenna@example.org','66a94225e13bbd74bdcf9a7c030bcfb6941d500a','repudiandae','adipisci','+48(4)7228568945',NULL,'1989-06-26','Cartershire','6','2002-10-03 06:33:51'),
('5','schowalter.casimer@example.net','fa5881ac97ca8af5694ebf0a2eb70a32a632693b','amet','et','227-648-6010x090',NULL,'1994-04-04','North Ethanmouth','8','1998-09-30 02:41:31'),
('6','o\'reilly.cedrick@example.net','a966f4a7975ef6f127546bdfaf785a66006a2e2b','expedita','dolorem','03143535632',NULL,'1986-07-16','Paulachester','2','2010-05-28 03:56:00'),
('7','britney92@example.org','7b4133357598dc882d2cf8b8610b8b97b39195db','a','ut','+83(9)6938827879',NULL,'2019-03-08','West Shanny','6','1998-11-24 10:37:06'),
('8','cameron43@example.com','dc88ac3be2cb4e2cbaed1a726d44f16419d45207','quis','velit','1-845-773-1326x0279',NULL,'2008-04-23','East Bailee','9','1983-02-04 03:39:33'),
('9','nitzsche.kendrick@example.com','d17fd396770ffa60c72df8539a3e4af73a565a33','aperiam','minus','087.691.4865',NULL,'2014-01-25','Harrisburgh','0','1993-12-21 21:47:01'),
('10','cullen.gulgowski@example.com','b2ef6b8af1c49d4bdf64f82efe35e91cd7f7c928','quia','impedit','(413)769-9545',NULL,'1978-05-21','North Jessemouth','0','2002-01-03 21:29:27'),
('11','huel.else@example.org','e68c5da9786ef22acf36896e2cbef9fe0e08b8a5','animi','perferendis','+86(4)6144079055',NULL,'1993-10-31','Heidenreichport','9','2000-09-01 20:32:26'),
('12','marjorie39@example.com','72df011f97b60aab77c6a2b8e6d1491a2bc74ea3','beatae','voluptatum','(848)901-1687x2311',NULL,'2012-04-29','East Juniorville','8','2016-04-15 17:59:45'),
('13','stehr.jalen@example.com','0ef4f2b13cb015a720d1b31b99aa0613a68a2e7f','unde','quia','924-796-6839x396',NULL,'1995-06-28','Kuvalismouth','9','1989-11-12 18:13:47'),
('14','jeanie02@example.net','3630a0d34f3bb2552d8310c49bb1441c5be59feb','quibusdam','ab','(243)598-5846',NULL,'2005-10-18','North Tessieburgh','8','2009-02-24 21:25:57'),
('15','jaycee77@example.net','26c92c5a0bec70d10aef385097707c0964bbb42b','exercitationem','error','612.058.3201x292',NULL,'1985-10-15','Champlinside','3','1978-07-05 13:19:36'),
('16','glenna.dare@example.com','f1257ae6477efe84b038825b75ef0c19cac70174','placeat','quia','937-258-3570',NULL,'2010-09-04','Smithmouth','4','2012-06-19 21:45:23'),
('17','hildegard47@example.com','4384084c3966957775db76a2712ef568d86ebccd','repellat','explicabo','383.757.0246x38426',NULL,'1971-12-30','South Elroy','9','2004-08-06 09:01:56'),
('18','joany.doyle@example.org','247f6f528a181579c82d51297b68acc6dc59bad8','occaecati','dolores','874.694.3412',NULL,'2002-10-09','New Keshawnbury','8','2016-02-28 06:49:15'),
('19','msporer@example.com','cc68bb770c52bda24f06520b0d426ee6dcfcd22d','eaque','ipsum','664-203-5998x13599',NULL,'1977-06-11','Port Gustaveside','3','1994-12-17 23:04:00'),
('20','cgerlach@example.org','220b273d3290a86cad46234b0636e8d524e3829e','officiis','et','396-264-0210x08062',NULL,'1978-05-24','Faymouth','0','1971-04-12 15:30:42'),
('21','cartwright.kenya@example.org','4213dd5aa147eb34e2f9e58c0e0bcfc6ce98ccc0','neque','est','1-644-246-2333',NULL,'1987-06-09','West Nadia','5','1999-05-30 04:52:13'),
('22','hsauer@example.com','aaceacf6f3d61139ba9099c749d519fd0f890244','beatae','nihil','1-344-740-5824',NULL,'1992-09-25','South Tyrellland','3','1986-09-24 13:55:41'),
('23','kertzmann.shaylee@example.net','4df2e96dd87ac82a9c8e51350df5a95e4972a6e4','doloribus','praesentium','01654127236',NULL,'2010-05-25','Lakinburgh','2','2015-12-06 08:26:27'),
('24','fbraun@example.org','2c002fa937060b783f129076b76d6e5277ca4efa','laudantium','reprehenderit','1-512-009-7165x473',NULL,'1984-07-22','North Burnice','1','2010-08-23 13:52:51'),
('25','tressa.murazik@example.net','25044f725d9c507d5e9b17a741edacc3af661dd9','ea','ea','018-229-9469',NULL,'2009-08-02','Crooksbury','0','1989-03-23 08:10:18'),
('26','ashley35@example.org','50419d878059f1234fb977c60f18c79e415530dd','id','dolor','1-858-042-1448',NULL,'2012-03-31','Stephanmouth','8','1973-11-02 21:12:28'),
('27','kharvey@example.net','aed8883642221ef30c31607764734508635cbaf3','necessitatibus','id','589.746.8425x33232',NULL,'2018-09-05','Wilmamouth','9','1996-06-20 21:20:34'),
('28','stone47@example.org','6bf6548beee18161577ce26307bc8c30f47992ff','voluptatibus','dolorem','1-390-598-8963x88692',NULL,'1979-08-30','Lake Germaine','8','2005-12-04 18:20:11'),
('29','gail.bernier@example.net','5dfd145122b818db2af817a050b081014f40c1d5','velit','explicabo','(309)869-0732x66982',NULL,'1985-04-08','Port Eusebio','6','2015-03-18 11:36:24'),
('30','johns.lupe@example.com','c05f51f7fe96f9cb5dfb2cd507de2d85c59944d2','molestiae','molestiae','+80(5)4061652575',NULL,'1987-02-10','Maxwellshire','0','1974-04-20 04:19:14'),
('31','stephen83@example.org','2fccbd104f9d541cd95bd556d5c78dfacbc1d636','in','sit','596.509.0111x32871',NULL,'1973-05-13','West Jermaineshire','6','1975-06-05 16:04:21'),
('32','tatum.reynolds@example.com','2ecd39532e871ad8f722fb0a6d0c2fe78aab5be4','commodi','molestiae','283.175.1166x38230',NULL,'1978-12-11','South Alejandra','9','2001-02-09 23:34:21'),
('33','qpagac@example.com','e1b7499fc636d594a6d835fbea3934a803e1ea76','illum','totam','924-026-3435x778',NULL,'2020-03-22','Maybellville','8','2004-04-10 01:08:13'),
('34','ricardo.marks@example.com','bcee5c3cb89005c545d50f363fd720344669b283','eveniet','alias','(266)760-3078x1654',NULL,'1998-01-13','North Heavenville','1','1987-09-24 10:41:19'),
('35','sierra30@example.net','4a0bd9c821d2cea7c2adeffc3f57aa7b6798d491','ut','illo','+06(4)1428171698',NULL,'1995-04-05','North Austyn','7','2003-03-20 01:36:05'),
('36','runolfsdottir.estel@example.net','63141c8e18f1a49812e93578a7e76ae7c6831e5b','ea','omnis','1-269-694-7171x4420',NULL,'1994-08-25','Lake Dorcasmouth','3','1995-08-18 11:59:48'),
('37','hgulgowski@example.net','1e1444ecfd1ec246308d30eb82ad8d8c8260a6c6','commodi','qui','(138)028-7997x0107',NULL,'2002-01-08','West Brady','3','1976-12-16 02:26:56'),
('38','milan.leannon@example.com','31216a1dcbf7970062df4a3f3c2f83e9ca2b6074','magni','culpa','1-903-920-9061x03584',NULL,'2006-03-01','Swaniawskiland','1','1977-06-07 07:53:39'),
('39','co\'hara@example.com','88070c17c3e6549b1468c89b8d74164b77005dbb','eligendi','quis','07964094441',NULL,'1985-03-27','North Lee','9','1993-06-28 01:33:43'),
('40','bianka.bailey@example.net','a832817ebf5ac9038d080d8364ed7142c8cf524e','eum','impedit','+12(3)7165254784',NULL,'1983-06-10','Vincestad','0','2008-03-24 18:23:36'),
('41','weissnat.wilber@example.net','6364c9eb5ed0119bf6e6e99a19e078b0a8b58add','ducimus','aliquam','06926464839',NULL,'1983-12-27','Alexannebury','2','1992-01-05 06:56:40'),
('42','georgianna19@example.com','988c680a19eaeaa08c0437b0047d0c5474e1fbcb','ut','quo','600.226.0999x964',NULL,'2001-06-26','Birdieview','0','1981-04-29 00:10:07'),
('43','abshire.virginia@example.net','606cdc475fa1c01cd3b54cf4718b64a2b7f4a3fb','impedit','nam','1-855-368-0517x0669',NULL,'2018-12-02','Jakubowskiville','3','1979-08-10 16:00:47'),
('44','breitenberg.krystal@example.org','f696c59d4c72556663774fce0366e743226c1e42','officiis','sed','1-788-889-5186x60340',NULL,'1994-05-26','Kaydenhaven','2','2004-10-02 19:22:36'),
('45','cornelius30@example.com','6b47dabfd2499165e5d2c6e2292ad97015075737','incidunt','harum','(756)230-7167',NULL,'1992-05-30','Herzoghaven','2','1991-09-10 23:20:25'),
('46','ksteuber@example.com','bcda0123c8cb6d246fe42da0109dd5e465d262d3','ut','distinctio','1-046-794-4757x158',NULL,'1995-03-01','Brookestad','8','1991-05-08 09:50:40'),
('47','wilmer.kuphal@example.net','67857ffa254fcbad9e3547a9c5fe3c56978a240b','asperiores','itaque','(731)744-5980x55863',NULL,'1999-10-08','South Luella','9','1982-05-16 06:19:06'),
('48','carroll.rocio@example.net','5e0e638d88fffb0fa87c43eaa56f5d2790371221','eum','delectus','(040)742-9382',NULL,'2020-03-15','North Brainmouth','4','2019-09-19 19:00:41'),
('49','lowe.sidney@example.net','9a716b4c8726811ec9a181aa4e94356ff718d374','non','saepe','148-241-6732x9065',NULL,'2013-06-28','Reingerland','4','1970-07-28 05:00:59'),
('50','jerry.brakus@example.com','45cbededd1b4153e723a18729b64f0b73de1ee01','dolores','beatae','(672)212-9701',NULL,'1971-04-12','Carrollbury','7','2001-04-16 14:34:08'),
('51','braxton.champlin@example.org','f134d79c644dcb17b1c78f7eb78243bbaa6b801a','sint','quod','1-396-891-9434x8537',NULL,'1996-12-03','Calebfurt','6','1990-07-07 02:21:08'),
('52','shanie16@example.org','a3c3fba1a1b38b54348c0e8ffc35b3c1216331da','optio','voluptatem','017-289-0158',NULL,'1981-04-15','Wymanland','7','1996-01-26 02:07:33'),
('53','marilyne.osinski@example.org','175eac154c4151a7e99511cceacbedb56e14b190','dolorem','et','+27(8)5059888497',NULL,'1977-04-14','Myriamfort','1','1997-07-05 05:45:15'),
('54','bfeeney@example.org','78e5a8f841c381ba9249392b315621174a7caa50','qui','corrupti','1-916-155-3773x1604',NULL,'1981-07-14','Mohrhaven','3','1978-10-21 07:36:14'),
('55','zulauf.willow@example.net','1ee461150e3e388003df90b604ea0a8da402be04','aspernatur','laudantium','1-392-100-8833',NULL,'2016-02-25','North Jaleelview','8','2012-03-28 22:33:38'),
('56','blarkin@example.net','b7c72b50798fa24aa40c14b233e21a23d9c65a73','ut','nihil','624-706-1773x712',NULL,'2014-11-27','North Samara','8','2006-10-25 08:22:10'),
('57','edwin.reinger@example.net','4daccc20967d32c77fb8043c7824209f608249ae','voluptatem','error','159-773-1352',NULL,'1990-07-23','Reynoldsfurt','9','2011-10-02 18:49:50'),
('58','meredith33@example.org','d5610920829aef8ed59358c9a162439d75299b3c','aut','et','451.078.2640x0641',NULL,'1984-11-28','Danielfurt','0','1988-04-04 22:01:35'),
('59','kaya02@example.org','1d00708a5967482cb393c651d5849efc3c4f3eb5','enim','quia','342-756-1770x1138',NULL,'2008-11-20','North Alanhaven','5','1986-01-12 02:59:01'),
('60','cruz.runolfsson@example.net','1c572125208e1c44f7e0e5ba75546944ab08d942','quia','nulla','+51(1)3908587069',NULL,'2002-04-27','South Ivaside','3','2014-08-23 03:29:19'),
('61','tromp.vickie@example.com','cc639eef3b7cce61e2d29f01901146d024f80cfd','voluptatem','quas','353.212.2689x4488',NULL,'2000-10-18','Quitzonburgh','8','1982-11-06 14:10:15'),
('62','delaney43@example.com','02a4645098fcbc15545a110d64aabc852dd980c1','dicta','sapiente','1-406-326-8629x8294',NULL,'2000-06-14','Connellyfurt','8','1970-08-09 00:54:09'),
('63','zoey87@example.org','73942c8bac361901f1dac20ab8355a105cb37e77','sed','dicta','+92(1)1710998343',NULL,'2012-01-30','Port Toni','5','1990-05-04 21:43:37'),
('64','vdenesik@example.net','2f05714e020f41e3e03937d4f53b5505f1462462','rerum','et','06804838245',NULL,'2006-03-28','Mohrport','3','1972-12-19 10:55:03'),
('65','hickle.caleigh@example.com','39ab9256444946070f7688e75d67d037953f1d1b','commodi','similique','(730)176-9939x627',NULL,'2018-12-08','Chelseyland','0','1992-09-22 18:34:31'),
('66','gaylord.domenick@example.org','33f7268ed4dfef2e4e9891ace02aff6fb7a13a10','consequatur','eum','822.329.8290',NULL,'1985-02-05','Emanuelstad','7','2017-08-02 00:33:05'),
('67','sawayn.elise@example.com','f27e5ccfb28648b50ea05d837bc998f7a6cd1904','vitae','perspiciatis','542.855.7380',NULL,'2015-05-28','North Derekmouth','0','1981-12-12 03:51:40'),
('68','deborah.ferry@example.net','8d01a961b9b1e81e66af7aa3229184e6f54a5784','et','est','+73(8)1956416660',NULL,'2004-06-27','Lake Cindy','9','2014-02-19 15:55:15'),
('69','aufderhar.elisha@example.org','3b36ffb91431feb5fc56829b4f2468e7eb8219ad','aliquid','et','1-890-492-2445x08683',NULL,'2004-01-22','Nasirstad','5','2011-05-30 20:28:40'),
('70','gdare@example.org','d0fc31d1f881c465a1e182b72efde7c8b924ea83','in','reprehenderit','(150)325-9480x040',NULL,'1976-12-23','West Janice','6','1982-05-06 04:40:11'),
('71','valentin.farrell@example.com','ff5981684162ab40090bbcc856a8d735b815e457','eos','adipisci','1-673-522-1012',NULL,'1974-06-22','Lake Bessie','7','1971-07-18 18:21:28'),
('72','jettie10@example.net','ffec4bc84af81443f5d25fc49c147a1f61c5cfea','nemo','ea','+27(2)6128822329',NULL,'1996-08-11','Hermannmouth','2','2007-01-09 02:35:52'),
('73','libbie.hartmann@example.com','12252562078c8f2ace2eff3033df9521157e53b6','eveniet','saepe','1-871-951-6093x562',NULL,'1988-04-14','South Alvinamouth','5','1992-01-05 05:45:49'),
('74','bailey.vincent@example.com','7ac83c79f462e007d420596dc30860a1693ab583','dolorem','ut','453.279.9014',NULL,'1980-04-13','Willtown','1','2013-07-11 18:06:14'),
('75','stanton.luella@example.net','d3f4ba824570bd454512584be3a10b4503101dba','aliquid','ut','842.761.9905x44130',NULL,'1975-05-28','Morissetteshire','3','1981-11-25 17:37:03'),
('76','xupton@example.org','74298fcfe3c8b35dae3e3aab5c3e656fd0c1be27','ducimus','repudiandae','(066)497-3772x717',NULL,'2016-01-29','New Cobyville','8','1988-12-04 16:41:55'),
('77','anderson.karianne@example.net','c635d5760444647cb8ad7fc8866518d3544846b8','animi','recusandae','128.793.3439x34366',NULL,'1971-07-02','North Anahiton','8','2002-08-29 16:07:55'),
('78','pmayer@example.com','65434710750376734d414ac29496da9c83a5062e','architecto','vitae','777-888-8933',NULL,'1972-07-27','Lake Franzmouth','5','1994-03-11 16:34:51'),
('79','enrique.carroll@example.com','4db510f90dc1cf5b1b3873ba8b8fced1ba03c54d','explicabo','nulla','(704)768-3181',NULL,'1994-03-27','Port Devyn','5','2000-08-31 20:47:21'),
('80','alexandrea46@example.net','e462cc099be094fef601851a5bd159ea7656e0c7','rem','similique','212.276.6401x926',NULL,'1994-06-09','Danielburgh','4','2001-05-27 18:02:12'),
('81','ggoldner@example.com','40297c291c5fa5e7df031eed0f019f843eaeacbb','sed','autem','1-267-126-5707x74680',NULL,'1976-07-12','Ernserfurt','6','1973-07-09 19:38:34'),
('82','qdouglas@example.com','69a11acc3979130c83af172073080428cc78f587','qui','dolor','(862)494-0443',NULL,'1997-09-17','New Reyside','2','2009-02-11 22:45:43'),
('83','bernhard.roberts@example.net','3d94b412c0e11cf93027be5bd2037bb02ce50d3a','est','sed','406-405-5491',NULL,'2015-04-15','Pfeffertown','8','2010-01-09 19:26:53'),
('84','rodger.fay@example.com','5f7e5fe06237078d32be15d0c7518bd7b0510602','nulla','quasi','(649)171-7701',NULL,'1997-10-01','Marksville','8','1973-07-01 03:26:11'),
('85','ckoelpin@example.net','75369e682ecdb8b88a0bb8d35e8924fbf19a2624','numquam','libero','+69(0)8531818813',NULL,'1990-06-16','Lucymouth','5','2010-04-14 12:52:36'),
('86','nash.batz@example.net','d7ea34ba6b9be50170782ca086a3ee01a0c4f4e2','iure','omnis','(955)809-9439',NULL,'1990-11-04','Port Genovevaland','1','2005-11-27 14:30:39'),
('87','heathcote.raphael@example.net','a2449a47ba9ed774b4b9f9e797a54b96be5e67b3','et','cumque','(285)785-7740',NULL,'2015-11-17','East Berniece','0','1985-12-22 00:11:19'),
('88','strosin.faye@example.net','692a10564313f4fae322a48209d99f3ecbf9cf4e','nostrum','nihil','240-259-9507',NULL,'2014-12-12','South Edison','4','2012-05-17 22:46:12'),
('89','domenic42@example.net','823ec8cdc5931c04ef305f18b1153cae109bfe94','sit','illo','1-646-127-7793x563',NULL,'1982-03-07','South Monica','4','1985-03-06 14:20:42'),
('90','zackary57@example.org','24eae22a3ca7aca374708a10ad4727ca7400faf6','exercitationem','aut','225-691-3689',NULL,'2008-11-01','Port Kaden','6','1995-04-18 19:47:42'),
('91','vbogisich@example.org','4211f061de04c99db60296477244f0fc62e766f7','quis','quod','1-449-221-8174x7856',NULL,'1980-11-25','West Dominicville','1','1998-04-03 17:54:07'),
('92','constance.kshlerin@example.com','9343320f0ded743b8d2e73118885cd1ab6bfdbfc','expedita','nesciunt','1-077-852-4506x178',NULL,'1998-07-15','Fredyport','5','1978-10-22 09:30:38'),
('93','janelle.feest@example.net','6ec9a006fe9a7132e7d665b00ae09b54262e1028','beatae','incidunt','702.889.0877x124',NULL,'1977-08-09','O\'Reillybury','7','2014-02-12 23:25:40'),
('94','kmoore@example.com','b85c535f62dfcfbf8ba9b4fbcfd1f0282dd97ca5','officiis','quisquam','061.245.2918x41429',NULL,'1985-03-11','West Stevefurt','7','1971-09-17 07:59:22'),
('95','victoria77@example.net','f3da2d00115d975cdabd06ab1f8f0e258d35dc1e','perspiciatis','voluptatem','858-094-1979',NULL,'1997-09-23','West Reinhold','0','1998-05-27 20:22:09'),
('96','dibbert.ansley@example.com','9d7efa03a5dfa06dda7da0ac3c19b44f20f04903','quia','doloremque','094-466-6705x2801',NULL,'1979-11-29','Lake Evangeline','8','1998-12-29 13:06:25'),
('97','bryon.kshlerin@example.net','4a85bd1900b68d09c794f639c8e4d2feeabcc564','provident','tempore','1-764-293-0493x4933',NULL,'1984-02-13','Abshireview','6','1997-10-07 15:30:34'),
('98','zcollier@example.net','882e46c8faddc2031a0f42c43b8404b35307f816','omnis','dolor','1-166-502-4854',NULL,'1997-11-23','North Keaganland','2','1980-10-18 14:22:24'),
('99','kihn.buster@example.org','7361dd712aaaaf77f25e1127a323f320a44af735','et','dolore','1-457-447-9146x3649',NULL,'2011-10-18','Omariborough','8','2017-03-13 02:36:41'),
('100','kunze.kolby@example.org','051992e60e953b044b6d2d7bf704741ce04560ae','voluptas','in','1-990-846-8229',NULL,'1975-02-23','Jeromebury','2','1971-02-17 05:43:24'); 


DROP TABLE IF EXISTS `users_communities`;
CREATE TABLE `users_communities` (
  `user_id` bigint(20) unsigned NOT NULL,
  `community_id` bigint(20) unsigned NOT NULL,
  `is_admin` tinyint(1) DEFAULT 0,
  PRIMARY KEY (`user_id`,`community_id`),
  KEY `community_id` (`community_id`),
  CONSTRAINT `users_communities_ibfk_1` FOREIGN KEY (`user_id`) REFERENCES `users` (`id`),
  CONSTRAINT `users_communities_ibfk_2` FOREIGN KEY (`community_id`) REFERENCES `communities` (`id`)
) ENGINE=InnoDB DEFAULT CHARSET=utf8 COLLATE=utf8_unicode_ci;

INSERT INTO `users_communities` VALUES ('1','1','0'),
('2','2','1'),
('3','3','0'),
('4','4','1'),
('5','5','0'),
('6','6','0'),
('7','7','0'),
('8','8','0'),
('9','9','1'),
('10','10','0'),
('11','11','0'),
('12','12','0'),
('13','13','0'),
('14','14','0'),
('15','15','1'),
('16','16','0'),
('17','17','1'),
('18','18','0'),
('19','19','0'),
('20','20','0'),
('21','21','1'),
('22','22','1'),
('23','23','1'),
('24','24','0'),
('25','25','0'),
('26','26','1'),
('27','27','0'),
('28','28','0'),
('29','29','0'),
('30','30','1'),
('31','31','0'),
('32','32','0'),
('33','33','0'),
('34','34','0'),
('35','35','0'),
('36','36','0'),
('37','37','1'),
('38','38','0'),
('39','39','0'),
('40','40','1'),
('41','41','0'),
('42','42','0'),
('43','43','0'),
('44','44','0'),
('45','45','1'),
('46','46','0'),
('47','47','1'),
('48','48','1'),
('49','49','1'),
('50','50','0'),
('51','51','1'),
('52','52','0'),
('53','53','1'),
('54','54','0'),
('55','55','0'),
('56','56','0'),
('57','57','1'),
('58','58','1'),
('59','59','0'),
('60','60','0'),
('61','61','0'),
('62','62','1'),
('63','63','0'),
('64','64','1'),
('65','65','1'),
('66','66','0'),
('67','67','1'),
('68','68','0'),
('69','69','1'),
('70','70','1'),
('71','71','0'),
('72','72','1'),
('73','73','1'),
('74','74','1'),
('75','75','0'),
('76','76','0'),
('77','77','1'),
('78','78','1'),
('79','79','0'),
('80','80','0'),
('81','81','1'),
('82','82','1'),
('83','83','0'),
('84','84','1'),
('85','85','0'),
('86','86','1'),
('87','87','0'),
('88','88','0'),
('89','89','0'),
('90','90','1'),
('91','91','0'),
('92','92','1'),
('93','93','1'),
('94','94','0'),
('95','95','1'),
('96','96','0'),
('97','97','0'),
('98','98','1'),
('99','99','0'),
('100','100','0'); 




/*!40101 SET SQL_MODE=@OLD_SQL_MODE */;
/*!40014 SET FOREIGN_KEY_CHECKS=@OLD_FOREIGN_KEY_CHECKS */;
/*!40014 SET UNIQUE_CHECKS=@OLD_UNIQUE_CHECKS */;
/*!40101 SET CHARACTER_SET_CLIENT=@OLD_CHARACTER_SET_CLIENT */;
/*!40101 SET CHARACTER_SET_RESULTS=@OLD_CHARACTER_SET_RESULTS */;
/*!40101 SET COLLATION_CONNECTION=@OLD_COLLATION_CONNECTION */;
/*!40111 SET SQL_NOTES=@OLD_SQL_NOTES */;

